image,name,author
https://dn-simplecloud.shiyanlou.com/ncn63.jpg,新手指南之玩转实验楼,情人草
https://dn-simplecloud.shiyanlou.com/1502793344125.png,Hyperledger Fabric 区块链环境部署,shiyanlouadmin
https://dn-simplecloud.shiyanlou.com/1504234990801.png,比特币基础概念入门,kevin_2016
https://dn-simplecloud.shiyanlou.com/1505093960707.png,高级bash脚本编程指南,叶大炮or茶叶蛋
https://dn-simplecloud.shiyanlou.com/1504686527409.png,Superset 数据分析平台搭建及使用,huhuhang
https://dn-simplecloud.shiyanlou.com/1501207033286.png,Vue.js 实现富文本编辑器,零时迷子
https://dn-simplecloud.shiyanlou.com/1501141776189.png,kafka代码实战--让你全面学习Kafka,李登峰
https://dn-simplecloud.shiyanlou.com/1505193911140.png,通过代码审计学习Web安全,Jewel591
https://dn-simplecloud.shiyanlou.com/1505728908751.png,ROS机器人操作系统中级教程,张瑞雷
https://dn-simplecloud.shiyanlou.com/ncn1.jpg,Linux 基础入门（新版）,Edward
https://dn-simplecloud.shiyanlou.com/1503974195644.png,Python 数据分析入门与进阶,aiden0z
https://dn-simplecloud.shiyanlou.com/1499681253191.png,Flask + VueJS 全栈 Web 开发实战,protream
https://dn-simplecloud.shiyanlou.com/1505360041604.png,R 语言实现样本数据的判别分析,soorhp
https://dn-simplecloud.shiyanlou.com/1504686177051.png,Numpy 使用教程,huhuhang
https://dn-simplecloud.shiyanlou.com/1505357456722.png,VPN数据包分析,charger王
https://dn-simplecloud.shiyanlou.com/1503488131715.png,R语言建立VAR模型分析联合内生变量的动态关系,实验楼HPP
https://dn-simplecloud.shiyanlou.com/1502778396172.png,基于TensorFlow实现卷积神经网络,水果先生
https://dn-simplecloud.shiyanlou.com/1502779976253.png,OpenStack Ocata版本单节点搭建,LOU810221730
https://dn-simplecloud.shiyanlou.com/1504234732886.png,Pandas 使用教程,huhuhang
https://dn-simplecloud.shiyanlou.com/1504686378843.png,Robot Framework自动化测试基础实战课程,LightBlue
