type,description,students,name
会员,本次课程使用Sping4+struts2+hibernate5实现一个简单的在线考试系统。采用当下流行的注解建表映射方式，取代传统的hhibernate.cfg.xml和xxx.hbm.xml，将其整合到spring中。,262,SSH框架实现简单的在线考试系统
会员,在本课程中，你将了解如何利用 PySpark 及相关的 API 进行统计分析。最后用 SparkSQL 通过一个分析纽约市犯罪数据实例，进一步学习如何利用 Spark SQL 分析数据。本课程难度为一般，属于初级级别课程，适合具有 Spark 基础的用户，学习 Spark SQL 的基础知识。,72,使用 SparkSQL 分析纽约市犯罪数据
会员,本课程将介绍如何安装及使用 Floodlight 控制器，为将来介绍基于此控制器的 API 开发应用程序打下基础。,160,Floodlight 入门教程
会员,本课程利用Python模拟AI和玩家进行四子棋游戏，利用游戏实验Pygame库，为游戏提供界面和操作支持。AI算法借用蒙特卡洛搜索树思想。通过设置AI的难度系数，即AI所能考虑到的未来棋子的可能走向，从而选择出最佳的方案和玩家对抗。难度系数越大，AI搜索范围越广，它所能做出的决定越明智。,1081,人机对战初体验:Python基于Pygame实现四子棋游戏
会员,利用hawkes process对高频交易的订单流数据进行建模，观察不同订单之间的关系以及整体的动力学。,77,R语言对高频交易订单流进行建模分析
会员,"K-means 算法是集简单和经典于一身的基于距离的聚类算法，采用距离作为相似性的评价指标，即认为两个对象的距离越近，其相似度就越大。本节课主要讲解 K-means 算法，并给出个聚类足球比赛案例。

",265,Kmeans聚类算法评估足球比赛
会员,本课程将介绍如何用python解决数学题。 说到数学题，相信大家都不陌生，从小学到大学都跟数学打交道。 其中初中的方程组，高中的二次曲线，大学的微积分最为头疼，今天我们将使用python 来解决方程组问题，微积分问题，矩阵化简。,5086,使用 Python 解数学方程
free,"MyBatis 是支持定制化 SQL、存储过程以及高级映射的优秀的持久层框架。MyBatis 避免了几乎所有的 JDBC 代码和手动设置参数以及获取结果集。MyBatis 可以对配置和原生 Map 使用简单的 XML 或注解，将接口和 Java 的 POJOs(Plain Old Java Objects,普通的 Java对象)映射成数据库中的记录。本次课程详细介绍了 MyBatis 框架结构知识，并通过多个基础的 Demo 实例讲解了 MyBatis 的用法。",1272,MyBatis 框架基础入门
会员,"对初学者来说，cookie与session的工作机制是较难理解的知识点。express框架提供了session中间件express-session，实现了session机制。本课程学习开发一个接口与express-session相同的中间件exSession，从而透彻理解session的工作机制。
",76,实现express框架中的session中间件
会员,GARCH模型是对金融数据波动性进行描述的方法，为大量的金融序列提供了有效的分析方法，它是迄今为至最常用的、最便捷的异方差序列拟合模型。本次实验运用R语言利用上海证券综合指数进行GARCH模型的分析，包括计算股票指数的收益率，实现收益率的可视化 ，计算一些基本统计量，绘制股指收益率的ACF和PACF图，检验收益率序列的ARCH效应，估计GARCH模型以及标准化残差分析等。最终通过本次实验检验股票指数的GARCH效应，了解股票市场上的波动聚集效应。,54,R语言分析股票指数的GARCH效应
会员,决策树（decision tree）——是一种被广泛使用的分类算法。相比贝叶斯算法，决策树的优势在于构造过程不需要任何领域知识或参数设置，在实际应用中，对于探测式的知识发现，决策树更加适用。,150,使用决策树算法预测森林植被
训练营,通过20个由实验楼和信息安全工程师共同制作的Web应用攻击实验，使用渗透测试技术教大家如何去攻击一家网站，并针对找出的跨站脚本XSS、SQL注入、文件包含等安全漏洞，都提供了如何避免的解决方案。完全在线实验，讨论区工程师答疑，详细步骤截图，漏洞原理和攻击代码讲解。,190,Kali 渗透测试 - Web 应用攻击实战
free,"Flume 可以从多个数据源获取数据，把这些数据传给远程主机（可能是一对多或流水线模型
中的多个目标），再把它们传给多个目的端。尽管 Flume 提供了开发自定义数据源和数据目的端的编程 API，但它原本就支持许多常见的场景。本课程源自图灵教育的《Hadoop基础教程》第10章，感谢图灵教育授权实验楼发布。",611,使用 Flume 收集数据
free,本实验主要通过介绍计算机相关技术的基础概念，实验楼的使用方法，面向完全没有编程经验的用户。从中我们将了解到实验楼的实验精神：“从实践切入，依靠交互性、操作性更强的课程，理论学习+动手实践共同激发你的创造力。”,159538,新手指南之玩转实验楼
训练营,本训练营使用 Vue.js+Koa.js+MongoDB 实现一个类似于“什么值得买”的网站。前端页面使用 Vue.js 实现，主要学习 Vue.js 技术栈的使用，主要使用 vue+vue-router+vuex 等技术。服务器端使用 Node.js 实现的一个 web 框架 Koa.js，主要学习基于 Koa.js 的 Web 开发。同时使用 MongoDB 做数据存储。实现的功能模块主要有：用户管理、商品分类管理、商品标签管理、商品管理等。,110,Vue.js+Koa.js+MongoDB打造“什么值得买”网站
会员,Burp Suite 是用于攻击web 应用程序的集成平台。它包含了许多工具，并为这些工具设计了许多接口，以促进加快攻击应用程序的过程。，在本节课程中，我们将为大家介绍Burpsuite的proxy、spider、target、scanner、intruder、decode、reperter模块的使用方法。,42,BurpSuite基础教程
会员,本课程将使用 Wireshark 抓包工具捕获 SDN 环境下的核心协议 OpenFlow 协议数据包，来分析该协议的报文结构、使用方法，以便日后进一步学习 SDN 知识。,111,Wireshark抓包解析 OpenFlow 协议
训练营,15个实验带你体验Docker魅力，最快的上手教程，最新的技术领域，最多的动手实践。在线实验学习Docker，DockerFile，Compose，Swarm，Kubernetes等技术。,517,动手实战学Docker (15个实验+54个视频)
会员,"sqli-labs是一个专业的SQL注入练习平台，它支持GET和POST两种类型的注入方式，其中包含：1.报错注入(联合查询)1)字符型 2)数字型
2.报错注入(基于二次注入)
3.盲注1)基于布尔值2)基于时间
4.UPDATE型注入练习
5.INSERT型注入练
6. HTTP头部注入1)基于Referer2)基于UserAgent3)基于Cookie
7. 二次排序注入练习",119,sqli-labs通关指南系列
free,本次课程将基于 Python 3.4 和  PyQt 5 来学习 GUI 编程，课程分为两次实验，第一次实验先简单了解 Qt 各个组件的使用方法，第二次实验将尝试实现一个浏览器。,5070,PyQt 实现简易浏览器
会员,SVM（支持向量机）是一种常用的机器学习分类算法。本课程使用HOG+SVM算法和OpenCV实现一个图片分类器，通过自己训练分类器，达到可以判断任意图片是否是猫咪的效果。,575,基于SVM的猫咪图片识别器
free,要在实验楼愉快地学习，先要熟练地使用 Linux，本实验介绍 Linux 基本操作，shell 环境下的常用命令。,133632,Linux 基础入门（新版）
会员,本实验是以几支股票数据作为分析背景，股票数据如何从雅虎财经板块上获取，并观察股票每日价格和成交量数据开始，接着计算某一支股票数据中比较重要的日度收益率。然后通过各种股票线图进行技术分析，最后在一支股票的基础上同时分析多支股票的成交量，涨幅时间点，最后得出它们之间的相关性等数据特征。  ,181,R 语言实现股票数据的预处理及分析
free,本课程将通过一个简单的Go语言程序，带你了解Go是如何实现编程效率和强大功能之间的平衡的。这个程序从不同的数据源拉取数据，将数据内容与一组搜索项做对比，然后将匹配的内容显示在终端窗口。在这个过程中会读取文本文件，进行网络调用，解码XML和JSON成为结构化类型数据，并且利用Go语言的并发机制保证这些操作的速度。本课程源自异步社区的《Go语言实战》第2章，感谢异步社区授权实验楼发布。,1310,《 Go 语言实战 》 快速开始一个 Go 程序
会员,在本课程中，你将了解如何利用 SQL Context 及相关的 API 进行统计分析。最后将通过一个Spark自定义 UDF 分析 Uber的实例，进一步学习如何利用 Spark SQL 分析数据。本课程难度为一般，属于初级级别课程，适合具有 Spark 基础的用户，学习 Spark SQL 的基础知识。,162,Spark 自定义 UDF 分析 Uber 数据
free,"Laravel 是当下最火的 PHP 开发框架。它以编码风格优雅著称，每行代码都非常简洁，富有表达力，并且拥有强大的组件开发生态，可以帮助你快速搭建完美的大型网络应用。
本课程将从环境配置开始，将路由，控制器等基本知识点逐个在后续的实验中进行讲解和实践，力求让学习者通过自己做实验来更快上手 Laravel 开发，也能在开发的过程中体会 Laravel 的艺术感。课程在最后一个实验还将通过30分钟搭建一个迷你博客，让大家对Laravel基础知识进行回顾通过实践加深记忆并巩固学习。",1865,Laravel 5.1 基础教程
会员,今天这门课程将通过 OpenCV 库来实现人脸面部特征交换，其实就是将第二张人脸的眼睛、鼻子和嘴巴通过程序自动裁剪适配并覆盖到第一张人脸上，并且为了使得修改后的照片看着更加自然，我们还需要调整皮肤颜色。,2496,川普撞脸希拉里(基于 OpenCV 的面部特征交换)
会员,本课程使用PHP封装一个完整的分页类，配合bootstrap样式，实现一个美观实用的分页模块。从课程中可以了解分页的原理以及面向对象编程思想。,313,PHP 封装分页类
会员,这个世界从古至今一直是一个看颜值的世界。对于我们作报告，写文章时使用的图片，也是一样的。一图胜千言，一张制作精美的图片，不仅能展示大量的信息，更能体现绘图者的水平，审美，与态度。我的老板，国内外多家`SCI`，`EI`文章的审稿人，甚至跟我说，一篇文章拿到手里，一眼扫过去，看看数据和图片，就知道这篇文章值不值得发表，水平如何。由此观之，制作一张精美图片的意义，实在重大。本课程实现使用`python`从`excel`读取数据，并使用`matplotlib`绘制成二维图像。这一过程中，将通过一系列操作来美化图像,1219,Python实现从excel读取数据并绘制成精美图像
会员,PyGithub.py 是利用 Python 封装 Github API 的第三方库。通过学习该课程，你将会使用 Python 从 Github 中获取对应代码仓库的贡献度（Commit 信息）及活跃度（Issue 评论内容）等。并且讲解如何使用 iPython 交互式调试代码。,284,使用 Python3 编写 Github 自动周报生成器
训练营,本训练营将分为四个部分，第一部分介绍了代码审计思路以及几个比较基础的Web漏洞审计实例，比如Sql注入、XSS、CSRF。第二部份更进一步介绍了Web相关漏洞，比如文件类的Web漏洞。第三部分介绍一些比较深入的Web漏洞，比如会话认证漏洞。第四部则介绍了代码审计工具的使用以及对课程的总结。,104,通过代码审计学习Web安全
会员,本次课程通过使用spring+spring MVC+hibernate来模拟实验楼课程管理系统。系统使用者分为课程管理者和课程制作者两个角色，他们分别有自己的功能和权限。,193,Java模拟实现实验楼课程管理系统
会员,经济增长一直以来都是我国宏观经济政策的目标之一，研究影响经济增长的因素对促进我国经济快速发展有着重要意义。本实验运用 R 语言编写代码拟合多元线性回归模型，对模型拟合结果进行诊断，即对假设前提进行检验，并选择最优模型，最终进行区间预测，定性的研究影响我国经济增长的因素。,75,基于R语言的多元线性回归--我国经济增长的定量研究
会员, SSM（Spring + Spring MVC + MyBatis）框架是媲美于 SSH 框架的轻量级 Java EE 框架。easyUI 是一组基于 jQuery 的 UI 插件集合体，它的目标就是帮助 web 开发者更轻松的打造出功能丰富并且美观的 UI 界面。本课程将采用 SSM + easyUI 来开发一个比较简易的人事管理系统，让同学们能够通过实际项目掌握 SSM 项目的开发。在开始实验前，请同学们务必已经掌握 SSH 框架、MySQL 和 easyUI 等的基本知识点。,560,SSM + easyUI 搭建简易的人事管理系统
会员,卷积神经网络特别适合于处理图像相关问题，本课程一边讲解卷积神经网络原理，一边带你动手使用caffe深度学习框架进行图片分类。,774,使用卷积神经网络进行图片分类
会员,通过 githook 技术截获本机 git commit 命令，执行定制脚本，将本次代码的 diff log 以邮件方式发送给指定的团队成员。,50,使用 Githook 实现团队 Coding Review 流程
会员,本实验基于 Laravel 5.1 的 Auth 系统和第三方插件快速搭建一套基本的包含：登录/注册/图片验证码验证/忘记密码等功能的用户认证系统。,192,Laravel 5.1 快速搭建用户认证系统
会员,本课程主要内容是开发一个可以实现即时翻译功能的项目，项目中所涉及的技术点既包括前端Bootstrap 框架以及Ajax的使用，也包括后端PHP的逻辑代码的编写，其中核心的部分是通过调用有道API实现文字的翻译。课程中介绍了如何获取API使用权限以及API调用的基本方法。让用户在开发其他项目中可以举一反三。,410,基于 Bootstrap 和 PHP 实现有道翻译
训练营,"教师辅助在线完成6个Python项目，高强度项目训练学习Python开发。涵盖Python 基础语法，GUI，网络开发等知识。课程随到随学，遇到技术问题在讨论区发帖提问，有工程师回复解答。
",465,Python 经典项目实战
会员,"了解决策树的基本概念，学习决策树生成过程中的 ID3, C4.5 及 CART 算法及原理。最后通过 scikit-learn 提供的决策树算法完成鸢尾花分类实验。",422,决策树实战项目-鸢尾花分类
会员,本次实验我们将介绍人工神经网络中的生物神经元，及突触间隙的学习过程。最终将实现基于hebb规则的自联想存储器。由于自联想存储器具有降低噪声，与去除不同输入间的干扰功能，在测试阶段我们将输入有噪音或遮挡的数字图片查看联想结果。,602,自联想器的 Python 实现
会员,kivy是一个开源的Python库，目的是快速开发GUI用户界面，特别是多点触摸应用程序。Kivy和python一样具有出色的跨平台特性，使用Kivy编写的程序可以在Windows，Linux，和mac OSX系统之间无缝切换运行，而且具有本地显示效果，特别对触摸屏应用的支持较好，在非触摸屏上也可以配合鼠标模拟触摸效果。Kivy甚至可以运行在android和IOS设备上，具有极强的跨平台能力。,349,Kivy－－使用Python开发跨平台的GUI程序
free,对于图处理，hadoop的mapreduce提供一层合并，这表明我们不得不像剥洋葱一样来处理图数据，Giraph 是 Google Pregel 的一种开源实现。本课程将基于hadoop平台实现Giraph 分布式系统中的图处理。本课程源自图灵教育的《hadoop应用框架》第5章，感谢图灵教育授权实验楼发布。,742,Hadoop 图处理--《hadoop应用框架》
会员,利用Python的SSH模块实现java web项目的远端自动化部署和自动化更新。简化java web项目的部署流程。,277,Python实现java web项目远端自动化更新部署
训练营,本训练营目标是以Java代码实战的方式学习Kafka。包括Kafka的安装配置、Producer API的使用、Consumer API的使用以及与第三方框架(Flume、Spark Streaming)的集成开发。对在大数据项目中经常用到的Kafka关键知识点，进行全方位、源代码级别的学习，使学员深入理解Kafka的内部机制。,112,kafka代码实战--让你全面学习Kafka
会员,本课程将利用 python 标准库实现一个简单邮件客户端，实现对 qq 邮箱的登陆，发送格式简单的邮件，以及接收邮件。,117,python 实现简单邮件客户端
会员,MLlib 是运行在 Spark 上一个机器学习算法库，借助 Spark 的内存计算，可以使机器学习的模型计算时间大大缩短。本节课基于协同过滤算法实现简易电影推荐。,112,Spark 机器学习之电影推荐系统
会员,"本课程将为大家讲解如何使用C语言实现LRU缓存，从中学习LRU缓存的基本概念、C语言相关编程技巧，双向链表的C语言实现以及哈希表的C语言实现。

",1070,C语言实现LRU缓存
训练营,本课程将通过8个实验，带领同学们入门TensorFlow、Theano、Keras 及 Caffe 几个主流的深度学习框架，通过项目实践使同学了解如何利用这些框架搭建自己的深度学习神经网络。课程将基于每个框架的官方文档，先带大家熟悉框架中基本的定义语法及常用函数（可看成深度模型的小零件），并在每个实验内容的最后都会综合这些零件搭建一个简易的神经深度网络模型。十分适合具有一定python编程基础，对人工智能、深度学习感兴趣的同学。,525,深度学习初探——入门DL主流框架
会员,本课程将学习 C++ 利用 ffmpeg 解码视频数据，将解码后的视频数据播放出来。通过本实验学习 ffmpeg 和 SDL 基本的用法。,872,ffmpeg 结合 SDL 编写播放器
会员,本课程将使用Scoket来模拟用户浏览商品产生实时数据，数据包括用户当前浏览的商品以及浏览商品的次数和停留时间和是否收藏该商品。使用Spark Streaming构建实时数据处理系统，来计算当前电商平台最受人们关注的商品是哪些。适合有一定的Java编程基础以及一定得Spark知识，了解Streaming的工作机制的同学学习。,211,Spark流式计算电商商品关注度
训练营,本训练营主要讲后门技术实战，偏重于渗透成功后的维持访问。该课程共包含 10 个实验，每个实验都提供详细的步骤和截图，其中会有专门的三节实验，专门用来讲解木马的制作，以及对生成的后门木马的源码分析 。,120,Kali 渗透测试 - 后门技术实战（10个实验）
会员,针对近期公布的各种漏洞进行复现，通过漏洞复现以求加深对漏洞的利用和使用，加深大家对于web渗透测试的理解。,35,从头开始学习漏洞利用
训练营,本训练营从一个简单的Scrapy项目入手，剖析爬虫的结构和Scrapy的运行规则，最后通过两个两个实战项目——「爬取实验楼课程信息」和「爬取电影网站信息」，带领大家从零基础入门，完全掌握使用Scrapy框架编写网络爬虫的技能。,209,Python网络爬虫实战--Scrapy框架学习
free,本课程将会从电影题材分类的例子入手，详细讲述`k-近邻`算法的原理。在这之后，我们将会使用该算法实现手写数字识别系统，书籍教程配套实验练习，帮助您更好得实战。本课程源自图灵教育的《机器学习实战》第2章，感谢图灵教育授权实验楼发布。,2958,k-近邻算法实现手写数字识别系统--《机器学习实战 》
训练营,本训练营项目是使用Vue.js实现一个简易的富文本编辑器应用。通过本项目的实战学习，你将获得以下技能：Vue.js框架进阶学习，数据绑定操作，组件式开发。资源打包工具的了解与使用，以webpack讲解为主。Vuex的使用，让你了解全局状态管理的作用与优势，并学习掌握。Range/Selection的讲解与实践，带你深入探索富文本编辑器背后的原理。与其他Vue项目不同，这是一个纯前端的项目，主要学习Vue框架的使用与原生Js编写，同时了解DOM的相关知识。,100,Vue.js 实现富文本编辑器
free,基于杨春敏与黄毅的ABS译文制作，一本深入学习 shell 脚本艺术的书籍。原版链接：http://www.tldp.org/LDP/abs/html/。,625,高级bash脚本编程指南
会员,Gitbook是一个命令行工具，可以把你的Markdown文件汇集成电子书，并提供PDF等多种格式输出。你可以把Gitbook生成的HTML发布出来，就形成了一个简单的静态网站。,573,基于 Gitbook 制作电子书
会员,在渗透测试的过程中，捆绑木马以及木马免杀是经常使用的手段。本课程将教你如何使用Metasploit生成木马、捆绑常用软件以及木马的免杀处理。,354,Metasploit实现木马生成、捆绑及免杀
会员,通常我们程序的命令行输出是静态的，在这个课程里我们将学习如何在命令行输出动态图案——动态进度条，不仅如此，这个动态进度条能为我们提供直观的进度信息,339,Python3 实现命令行动态进度条
会员,本次课程将带领大家一起来学习Flask-AppBuilder如何快速、高效的实现Web后台管理应用，避免了一些重复工作，使我们只需要关注数据模型就可以实现强大的Web后台管理。,219,利用Flask-AppBuilder 快速构建Web后台管理应用
训练营,网易云音乐作为一款曲目齐全，操作方便，用户体验高的的音乐产品，越来越受欢迎。本训练营将使用 React 实现一个 网易云音乐，包含项目从设计到实现的完整流程，包含 前端界面模块，Node模块，MongoDB模块，前端界面模块包含React组件开发，React-Router路由配置，Redux状态管理。没有基础的小伙伴也不用着急，可以先学习实验楼的基础课程后来学习。代码注释清晰，老师在线答疑，还等什么？赶紧行动起来！,115,React+Express+MongoDB 实现网易云音乐
会员,错别字一直是挺影响读者体验的东西。实验楼作为以文档为基础的教育网站，已经由用户纠正了很多文档中的错别字。这次我们希望上线一个错别字高亮系统，输入我们的 MarkDown 文档，输出一个高亮过疑似错别字的HTML文件。,107,Python 实现中文错别字高亮系统
free,本课程是java基础的进阶课程，主要讲解IO、Util等常用类库的使用、Swing图形化编程、多线程编程等知识点。难度一般，适合具有 Java 语言基础的同学学习。,8315,J2SE核心开发实战
会员,在PHP中使用图表功能，ECharts，一个纯 Javascript 的图表库，提供直观，生动，可交互，可高度个性化定制的数据可视化图表。,319,PHP实现ECharts图表功能
free,Python脚本语言基本语法入门。Python是一种面向对象、直译式的计算机程序语言，具有近二十年的发展历史。语法简单易上手。本课程通过由浅入深的一步步讲解python基本语法，适合没有编程经验的初学者。,17648,Python编程语言
训练营,"课程从搭建一个简单可用的例子开始，让你掌握go和react+redux等前后端主流技术。最终使用 Go 语言和React ，完整开发一个在线购物商城网站，包含用户、购物车、订单管理、评论与点赞、购买等功能模块；同时详解利用事件驱动模型，来解决秒杀活动中高并发库存锁定问题、防止api接口被非法调用、实现redux管理订单状态、cps编程模型实践等内容。框架完整，设计细节清晰，助你快速成为全栈工程师。
",131,Go语言开发在线商城
会员,本次实验通过使用Scapy来实现SYN洪水攻击，并基于SYN洪水攻击来实现DDOS。并详细讲解了Scapy库的基本用法，以及SYN洪水攻击和DDOS攻击的基础知识！,1452,Python3基于Scapy实现DDos
会员,出租车是我们生活中经常乘坐的一种交通工具，但打车难的问题也限制了我们更好地利用这种交通方式。在哪些地方出租车更容易打到？在什么时候更容易打到出租车？本课程将基于某市的出租车行驶轨迹数据，带你学习如何应用Spark SQL和机器学习相关技巧，并且通过数据可视化手段展现分析结果。,1539,大数据带你挖掘打车的秘籍
free,本课程带领大家使用 SQLAlchemy 连接 MySQL 数据库，创建一个博客应用所需要的数据表，并介绍了使用 SQLAlchemy 进行简单了 CURD 操作及使用 Faker 生成测试数据。,3266,SQLAlchemy 基础教程
会员,模版匹配是在图像中寻找目标的方法之一，常用于进行物体识别或人脸识别。本课程将使用OpenCV&&C++进行模板匹配，在一张大图中去查找并圈出目标小图。通过课程你将学习到关于OpenCV的一些函数用法和模板匹配的完整流程。,481,使用OpenCV&&C++进行模板匹配
会员,"本课程将对遗传算法进行简单讲解，通过使用python实现简单的遗传算法求解函数极值以及通过实例了解Pyevolve的使用方法。非常适合熟悉Python基础，对算法较感兴趣的用户。
遗传算法（Genetic algorithm）属于演化计算( evolutionary computing)，是随着人工智能领域发展而来的一种智能算法。正如它的名字所示，遗传算法是受达尔文进化论启发。简单来说，它是一种通过模拟自然进化过程搜索最优解的方法。
",362,Python实现遗传算法求解n-queens问题
训练营,在本训练营中，我们将学习怎么样使用 Python 进行数据分析。课程将从数据分析基础开始，一步步深入讲解。从 Python 的基础用法到数据分析的各种算法，并结合各种实例，讲解数据分析过程中的方方面面。,161,Python 数据分析入门与进阶
会员,"文智中文语义开放平台是基于并行计算系统和分布式爬虫平台，结合独特的语义分析技术, 一站式满足用户NLP、转码、抽取、全网数据抓取等中文语义分析。",697,基于腾讯文智的情感分析 
会员,本课程分为基础讲解部分和项目实战部分。Ajax基础讲解部分向用户介绍了什么是Ajax，以及Ajax的常见应用场景，并在文档中附一个简单的小示例，帮助用户理解Ajax的概念。项目实战部分，主要就以编码为主，通过两个简单的小项目，让用户巩固Ajax基础，扩展Ajax技术在实际场景的具体应用，用户可以将学到的知识应用到自己的项目中，难易程度和代码量都适中，适合初级用户快速学习。,310,PHP 之 Ajax 实例讲解
会员,本课程使用 ThinkPHP3.2.3 开发一个简易的文章管理系统，包括文章展示，文章发布，文章管理，个人管理，文章评论，点赞等常用的功能。通过本课程的学习，可以熟练操作 TP 框架快速开发小型系统或网站。难度适中，适合对PHP后台开发感兴趣并且想学习 ThinkPHP框架的同学。,235,ThinkPHP 简易文章管理系统
会员,每天我们都会收到很多的邮件，但是从来没有了解过邮件是怎么实现收发的，也没有自己配置过一台邮件服务器。如果是因为条件所限，而没有实现过邮件服务器，那么在我们的环境就可以实现了。从实践中学习，你值得拥有！,238,Linux系统安装及配置邮件服务器
free,本课程实现一个包含各种不同参数的 Shell 脚本，用来获取和监控 Linux 系统信息，并将该脚本加入系统环境中。实现过程中学习和实践 Shell 脚本编程及 Linux 基本信息和资源使用率获取。,1507,Shell 脚本实现 Linux 系统监控
free,Sql注入攻击是通过将恶意的Sql查询或添加语句插入到应用的输入参数中，再在后台Sql服务器上解析执行进行的攻击，它目前黑客对数据库进行攻击的最常用手段之一。本课程将带你从Web应用运行原理开始，一步一步理解Sql注入的由来、原理和攻击方式。,1149,Sql注入基础原理介绍
会员,日志在计算机系统中是一个非常广泛的概念，任何程序都有可能输出日志：操作系统内核、各种应用服务器等等。日志包含很多有用的信息，例如访问者的 IP、访问的时间、访问的目标网页、来源的地址以及访问者所使用的客户端的 UserAgent 信息等，分析日志能帮助企业营销做出决策，本节课将介绍如何用 Spark 分析日志。,466,使用 Spark 进行流量日志分析
free,本课程讲解 C 语言的开发环境以及对 C 语言的剖析，引入大量的 C 语言程序案例，把算法和语法结合起来，通过引导大家由浅入深地编写 C 程序，让大家掌握 C 语言。我们将从中学会 C 语言语法、数组、模块化程序设计指针、文件的输入与输出等。,29011,C 语言入门教程
会员,"本课程通过大量的实验帮助学员实现以下目标:
1.掌握 Makefile 的基本规则。
2.理解 Make 的执行过程。
3.深入理解 Makefile 时间戳，文件依赖，文件命名，环境变量，变量赋值，变量展开，makefile重载等规则的细节。",254,Makefile基础教程
训练营,15个实验带你亲身体验Spark大数据分析的魅力，最快的上手教程，最新的技术领域，最多的动手实践。课程已全部上线，加入即可开始学习。,1025,Spark 大数据动手实验
free,本课程带领大家一步一步攻克Python Challenge中的难题，在一个又一个脑洞大开的 Python 问题中提升自己的 Python 水平。,7198,全面解析PythonChallenge
会员,本实验将学习如何开发Android系统中极具特色的桌面小部件，你将在此实验中学习到如何创建一个桌面小部件并实现其业务功能。,108,Android小案例 - 桌面小部件（Widget）
会员,本实验主要探讨了几种时间序列的预测模型，首先带领大家对时间序列有一个初步的认识，再在这个基础之上，向读者介绍当下最常用的 ARIMA 模型来预测时间序列，接着为读者展示几种指数平滑的方法来预测，最后通过几种模型的对比，让大家可以从中选择出一个最佳的模型来实现预测。,96,R语言实现金融数据的时间序列分析及建模 
free,本实验用 50 行 Python 代码完成图片转字符画小工具。通过本实验将学习到 Linux 命令行操作，Python 基础，pillow 库的使用，argparse 库的使用。本课程难度简单，属于 Python 中基础课程。课程教学视频：https://www.bilibili.com/video/av13422372/,36455,Python 图片转字符画
会员,通过借助 docopt 库与 Pillow 库来构建命令行解析器获取指定图像并将其转换成相应样式的彩色字符图像，并在终端上将转化后的图像打印出来。完成本课学习之后，大家可尝试选择自己喜欢的头像图片制作自己的彩色字符头像哦！,592,Python 3 实现图片转彩色字符
训练营,实验楼携手信息安全工程师制作20个服务器攻击实验，针对 FTP，Tomcat，NFS，Samba等服务漏洞， 使用 Nmap 及 Metasploit 安全工具进行渗透测试。完全在线实验，讨论区工程师答疑，详细步骤截图，漏洞原理和攻击代码讲解。,208,Kali 渗透测试 - 服务器攻击实战（20个实验）
会员,"很多网站在用户注册账号的时候为了保证账户的安全，都会自动检测用户密码的强度并给出提醒让用户设置一个相对安全的密码。本课程将指导大家如何使用python实现一个简单的检测密码强度的库。
",1217,Python 实现密码强度检测器
会员,日常生活中我们共享文件都是通过QQ，微信等软件来实现的，今天将通过本课程将教大家使用Python在自己的电脑上架设一个FTP服务器，用来管理自己日常生活中的文件。,2912,Python3实现简单的FTP认证服务器
会员,"使用 Vue.js 和 vue-router 创建单页应用非常的简单，使用 Vue.js 开发，整个应用已经被拆分成了独立的组件。在使用 vue-router 时，我们需要做的就是把路由映射到各个组件，vue-router 会把各个组件渲染到正确的地方。还可以在组件中使用分页功能，大家一起来实验吧！
",310,用Vue.js 和 vue-router 创建单页导航和分页
训练营,本课程主要使用 Python 的 Flask 框架和 VueJS，通过两个实战项目留言板项目和论坛应用的练习，让大家掌握 Flask + VueJS 进行 Web 开发的能力。,826,Flask + VueJS 全栈 Web 开发实战
会员,本实验利用 Cryto++库 对字符串进行 AES 加密和解密，RSA 加密和解密，生成 MD5 值。其中主要用到了 Crypto++ 库，这是开源的C++数据加密算法库，支持如下算法：RSA、MD5、DES、AES、SHA-256等等。,243,C++ 使用 Crypto++ 库实现常用的加密算法
free,C++11 的出现及C++14 对 C++11的重要补充，让 C++ 这门古老的语言注入了新的活力。如果你还在使用传统 C++，打着 C++ 的名号写出 C 语言代码，请停下来。本教程将带领你快速上手 C++11/14 的重要特性。,3817,C++11/14 高速上手教程
会员,本课程通过在后台的 Servlet 生成验证码图片，传递到前台 HTML 页面展示。完成本课程可以进一步熟悉 Servlet、Random 函数、StringBuffer 、OutputStream 等等，掌握基础的验证码生成。本课程难度一般，适合具有 Java 基础和核心 API 知识的同学入门 Servlet 技术。,422,基于 Servlet 的简单验证码图片生成
会员,"sqlmap是一个自动化的SQL注入工具，其主要功能是扫描、发现并利用给定的Url的SQL注入漏洞，目前支持MySQL, Oracle, PostgreSQL, Microsoft SQL Server, Microsoft Access等主流数据库，Sqlmap常用功能包括检测注入点、列举数据库账户密码、暴力破解数据库库名、表段名和字段名等，另外通过众多的脚本可以扩展各种各样的功能。本课程搭建DVWA、MYSQL数据库环境，通过实例带你轻松上手Sqlmap。",120,Sqlmap快速上手教程
会员,"本节课主要介绍 Spark 的算子，通过演示黑名单实时过滤案例来加深您对 Spark RDD 的理解， 适合刚有 Spark 基础 的人学习。
",232,Spark 实现黑名单实时过滤
会员,本课程主要内容是使用 PHP 内置的输出缓存机制将 PHP 动态页面生成静态页面。在实际的代码中学习并实践 ob 系列函数，PHP 连接 MySQL 数据库及数据库查询展示等知识点。,132,PHP 动态页面静态化实战
会员,本实验通过国民人均年消费支出的相关数据来对聚类分析进行学习，首先通过距离公式认识聚类的基本概念，然后通过两大热门的聚类方法进行实验，主要介绍了系统聚类和划分聚类，其中系统聚类包括了最短距离、最长距离、类平均、重心和 ward 这五种方法，划分聚类主要介绍了 K 均值法和基于中心的划分方法的实验过程。最后，读者通过实验就能对比出每一种聚类方法的优劣之处。,48,R语言实现城镇居民全年人均消费支出的聚类分析
free,为了方便日后密码遗忘进行修改或者进行消息推广等，现在各大网站在注册的时候总是免不了填写邮箱验证邮箱的流程。本门课程将通过使用 SendCloud 提供的 API 来实现一个本地版的邮箱认证过程。,537,基于 SendCloud 的邮箱验证
会员,Ansible 这个简单易学的自动化工具可以满足业务线在速度和简洁性方面日益增加的需求，让我们更高效的同时管理多台服务器不再是想想而已。,179,Ansible 基础教程
会员,本课程涉及到Android中的两种信息提示的工具：Toast和Notification，你将可以学习到如何创建并发布这些消息，以及自定义它们的外观。,97,Android小案例 - 通知
会员,本实验课程以网络上的新浪股票数据为代表，研究金融数据的一些简单的统计性质。首先介绍相关的理论基础，然后在 R 上进行相关的操作，这些主要包括加载所需要的 R 包，在网络上直接载入股票数据，绘制股票数据的一些典型图形以及最终对股票的收益进行一些简单的分析，为简单的金融数据分析打下一些基础。,143,使用R语言基于新浪股票数据分析金融数据的“统计常识”
会员,"本实验介绍怎么使用 J2SE 常用网络通信 API 以及 Socket 编程。通过本实验将会学习到网络基础知识、获取URL资源的大小、Swing图形界面编程、套接字编程。本节课程难度中等，属于中级课程，适合具有扎实 Java 基础的同学学习网络编程。
",555,J2SE网络通信实践
会员,基于TCP的python聊天程序，将会涉及TCP/IP协议，Python网络编程，PythonGUI编程(Tkinter)三个方面,1291,基于TCP的python聊天程序
会员,本课程将通过一个航班数据分析实例来学习 Spark 综合技巧和数据可视化技术。在航班数据分析实验中，可以学习到如何使用 OpenRefine 进行简单的数据清洗，以及如何通过 Spark 提供的 DataFrame、 SQL 和机器学习框架等工具，对航班起降的记录数据进行分析，尝试找出造成航班延误的原因，以及对航班延误情况进行预测。在数据可视化实验中，可以学习到 D3.js 中的数据读取、插值、元素选取、属性设置等 API 的用法。,687,使用 Spark 和 D3.js 分析航班大数据
会员,利用OpenCV中的平滑处理和线性滤波器对图片进行处理，打造模糊效果。将介绍归一化滤波器，高斯滤波器，中值滤波器，双边滤波器这四种滤波器的相关知识，并且会对“核”和卷积进行相应的讲解。,298,使用OpenCV进行图片平滑处理打造模糊效果
会员,多人在线协作文档编辑器是一个很常用的功能，适合小组内的文档编辑。例如用于工作中小团队内进行实时编写和收集周报，用到的库（框架）有：ckeditor  、localStorage 、spring mvc 、spring jdbcTemplate、mysql数据库。本课程介绍了如何设计实现该功能，使用java编写代码，应用非常流行的spring mvc框架，引入ckeditor插件，并加入localStorage缓存技术，最终利用Eclipse完成该实验。非常适合Java学习者用于练手。,336,Java实现在线协作文档编辑
会员,本课程将从界面、数据库的整体设计开始，使用 Laravel 5.1 一步一步的搭建一个简易的 bootstarp 风格瀑布流相册。适合已经学习过laravel基础知识的同学作为项目练手，巩固知识点。,181,Laravel 5.1 制作简易相册
会员,本课程从比特币的密码学原理，交易原理等等方面展开，一层一层地揭开区块链技术的面纱，带领同学们领略来自未来的技术。,428,比特币基础概念入门
会员,Superset 是 Airbnb 开源的数据分析与可视化平台，同时也是由 Python 语言构建的轻量级 BI 系统。Superset 可实现对 TB 量级数据进行处理，兼容常见的数十种关系或非关系型数据库，并在内部实现 SQL 编辑查询等操作。除此之外，基于 Web 服务的 Superset 可实现多用户协使用，并可针对不同角色进行权限管理。Superset 如今已归属于 Apache 孵化项目，并被 Yahoo，豆瓣等国内外知名公司使用。,247,Superset 数据分析平台搭建及使用
会员,人机验证（Captcha）是一种用于区分用户是计算机和人的计算机程序。人机识别有助于保护您免受垃圾信息、恶意注册的干扰，使网站运营更加安全。,511,基于 Luosimao 的人机验证服务
会员,本实验通过使用 Python 实现一个淘宝女郎图片收集爬虫，学习并实践 BeautifulSoup、Selenium Webdriver 及正则表达式等知识。适合有一定python基础的同学或对爬虫有兴趣同学。,2927,Python3 实现淘女郎照片爬虫
会员,本次实验将使用利用 OpenCV 来实现对视频中动态物体的追踪。进行本节的实验时，您需要先完成 C++实现太阳系行星运行系统的相关实验，才能进行之后的学习。,583,C++实现运动目标的追踪
free,本实验将试图使数据遵循一种模式，在此模式中，一个或一系列事件可以通过一致的方式预测另一个数据点。首先，通过使用 eclat 函数查找数据集模式，以便寻找人口中的相似模式。接着，使用 TraMineR 查找购物篮中的项目频集。使用 apriori 规则确定购物篮中的项目关联。使用 TraMineR 确定成年人职业转换期的序列，并通过序列数据可用的大量图形特征将其可视化。最后，用 seqdist 检查序列之间的相似点和不同点。本实验源来自异步社区的《数据科学：R语言实战》第2章，感谢异步社区授权实验楼发布。,119,序列的数据挖掘--《数据科学：R语言实战》
free,本课程主要介绍 Scala 中可以让函数库调用变得更加方便的隐式变换和隐式参数，以及如何通过它们来避免一些繁琐和显而易见的细节问题。课程内容主要包括 implicits 的使用规则、隐含类型转换、转换被方法调用的对象等。,279,Scala 专题教程 - 隐式变换和隐式参数
free,Spring是一个于 2003 年兴起的一个轻量级的Java 开发框架，由Rod Johnson创建，作为一个分层的JavaSE/EEfull-stack(一站式) 轻量级开源框架，框架的主要优势之一就是其分层架构。本次课程详细介绍了 Spring 框架结构知识，并通过多个基础的 Demo 实例讲解了 Spring  IoC 容器， AOP 的用法。,6461,Spring框架入门教程（新版）
free,本课程主要讲解包括 R 语言的基本数据结构 ， tidyverse 生态 ， 以及一些用R解决实际问题的案例。属于 R 语言小白入门基础课程，难度简单。十分适合想要学习 R 语言的同学进行入门学习。,742,R 语言基础入门
会员,本课程我们将在Linux平台使用C语言编程，在终端界面上玩贪吃蛇。本课程分为三个实验，实验一介绍了图像库，实验二绘制游戏图像界面，实验三实现贪吃蛇。逐步为同学们讲解一个游戏的制作过程。,1280,终端贪吃蛇
会员,本课程手把手教你使用 Python 实现一个深度神经网络，让你在实际动手的过程中理解深度学习的一些基本原理，带你真正入门深度学习。,1315,使用 Python 实现深度神经网络
会员,VPN 就是为了大家在 互联网的连接和使用中，开辟一条临时的通道，最大程度保证传输数据的便捷以及安全性。本实验将介绍一些 VPN 服务器软件，以及安装配置一台 pptp 服务器。,2604,Linux系统安装配置VPN服务器
free,本实验将对意大利北部沿海地区的气象数据进行分析与可视化。我们在实验过程中先会对数据进行清洗，然后运用 Python 中 matplotlib 模块的对数据进行可视化处理，最终从清晰的图表中得出我们的结论。本实验源自图灵教育的《Python 数据分析实战》第2章，感谢图灵教育授权实验楼发布。,3200,Python 气象数据分析 -- 《Python 数据分析实战》
会员,本课程将借助Huffman编码树给被压缩的文件生成相应的Huffman编码，然后对文件进行压缩，生成相应的压缩文件并对其实现解压操作。通过本课程的学习，让你全面认识Huffman编码树，并且能够借助Huffman编码树进行实践问题，除了本课的解压缩文件之外，还可以尝试去解决电话区号的分配等问题。,753,Python实现Huffman编码解压缩文件
会员,本项目在 Linux 环境下使用 C 语言实现聊天室软件，学习并实践基本的 Linux socket 通信的相关技术，加深对 TCP/IP 协议栈的理解。,550,C 语言实现聊天室软件
free,CSRF 攻击可用于盗取身份，造成盗号、虚拟货币转让、购买商品等跟人隐私及财产安全的威胁。 本实验将对一个有漏洞的Web系统进行 CSRF 攻击。,710,Elgg 系统 CSRF 攻击实验
会员,使用R语言中的文本分词包‘Rwordseg’对名著内容进行词频分析，再使用包‘wordcloud’绘制词云，实现数据可视化,447,R语言绘制文字云
会员,机器学习中，除了常见的监督学习（英语：Supervised learning）之外，还有一个非常重要的分支 —— 非监督学习（英语：Unsupervised learning）。本次实验将带你了解非监督学习，并学会使用 scikit-learn 解决非监督学习问题。,239,scikit-learn 实战之非监督学习
free,课程涵盖了大数据领域常见的组件，如Hadoop，Mapreduce，HBase，Mahout，Pig，Hive，Sqoop等。首先从理论上进行介绍，然后让您在实验环境中一步步搭建，及相应的案例学习。学习完本课程您将对大数据有深入的了解，并能够很快的上手。,9215,Hadoop入门进阶课程
会员,系统一旦上线跑起来，自然希望它一直相安无事，不要宕机，不要无响应，不要慢腾腾的，这就需要我们要监视系统的运行状况，发现问题及时处理。通过本课程可以学习有关系统监控的命令使用：如vmstat，top，iostat。以及监控脚本的编写,5291,Linux系统监控实战
会员,使用C++和OpenCV提供的库函数，实现摄像头的实时监控功能，并通过监控画面的运动检测选择是否记录视频。监控人员可选择输出图像的模式以更容易的分辨监控中的异常情况。,2894,C++基于OpenCV实现实时监控和运动检测记录
free,“拼网速，比手快”抢红包已成了亲朋好友春节期间必玩的游戏，为什么同一个群红包，有人领的多有人领的少呢？课程使用 Java编写一个随机算法模拟抢红包，让大家能够了解到红包分配的奥秘，并从中学习到设计一个算法的思想和一些模拟的方法。同时课程涉及了Java随机数、类、容器等基础知识。,4674,Java 实现微信红包分配算法
会员,本次课程，我们将利用基于无监督学习的自编码器对人脸数据进行特征提取，进行图片降维，利用降维后的结果作为有监督学习分类器的输入，最终利用一个三层神经网络实现人脸识别的任务。,3655,神经网络实现人脸识别任务
会员,康威生命游戏是一个久负盛名的数学游戏，有简单的规则和无穷无尽的组合。本课程将使用 pygame 模块来实现这样一个游戏，让你在趣味游戏中提升对 Python 的理解，入门 pygame。,2913,Python 实现康威生命游戏
会员,这是学习区块链的第一步，在实验楼的环境中，了解区块链的基本思想，并实践使用 Docker 及 docker-compose 一步步安装部署 Hyperledger Fabric V1.0.1 网络，以及登录到 Fabric 网络中执行 query 及 invoke 操作。,67,Hyperledger Fabric 区块链环境部署
free,"本课程使用 Python3 抓取 12306 网站信息提供一个命令行的火车票查询工具。通过该项目的实现，可以熟悉 Python3 基础及网络编程，以及 docopt，requests，prettytable 等库的使用。
课程教学视频：https://www.bilibili.com/video/av12380578/",17536,Python3 实现火车票查询工具
会员,本课程通过使用 Python3 实现了可控制肉鸡的反向Shell连接，主要学习反向Shell的实现方法。实验涉及Tcp协议、Scoket基本用法、多线程编程。难度较高，需要具备网络编程的知识，以及计算机网络的知识。,1039,Python3 实现可控制肉鸡的反向Shell
会员,现在几乎任何一个Web应用都需要注册登录使用，每次都要输入繁琐的登录信息才能够使用系统，使用中也会遇到的重复性工作。为了解放双手，本课程通过示例用Python实现模拟登录，并加以扩展说明，相信对Geek们实现各种''歪''点子必定有所帮助。,695,Python实现网站模拟登陆
会员,使用 mininet 模拟器与 Ryu 控制器，从简单的安装到查看代码的理解原理，从部署简单的拓扑到自定义网络拓扑，逐步引领你进入不一样的网络世界,306,SDN软件定义网络动手实验
free,本课程侧重介绍Scala的case class和pattern matching（模式匹配），这两个程序结构对于处理树结构的数据非常有帮助。在本课程中，你将可以学习到模式匹配中的常量模式、通配模式和变量模式等，以及如何进行模式限定修饰和重叠模式的定义和正确定义可选项。,266,Scala 专题教程 - Case Class和模式匹配
会员,ActionBar（活动条）是用于显示应用图标和Activity标题的一个组件，通常位于Android应用顶部的标题栏位置。在本实验中，你可以学习到如何启用ActionBar、在其中显示菜单并设置导航功能等要点。,42,Android小案例 - ActionBar
free,Go by Example 是一个实践性的教程，通过带注释的程序实例去学习 Go 语言。课程来自everyx翻译的版本：http://gobyexample.everyx.in/,1529,Go by Example 中文版
会员,本课程以链家的二手房网站为目标，使用python爬取链家官网在售的二手房信息，并且使用matplotlib 绘图包对爬取的信息进行分析，绘制简单的图表。,194,python 二手房信息爬取与数据呈现
会员,想把Linux用作桌面系统，其中一部分障碍就是Linux上没有像有道一样简单易用的词典。其实开发一款桌面词典也没用我们想象的那么难。本课程将通过三个例子来介绍 GTK 与 WebView 基础知识，并在最后完成一个简单好用的桌面词典。本课程难度中等，属于python中等的项目课程，需要有 Python 基础。但是学习曲线相对平滑，有三个例子做铺垫。不需要有 GTK 和 webview 的知识即可上手。,733,Linux桌面词典
会员,利用PyQt给妹子图网的爬虫做一个交互界面，从而对PyQt做界面有初步了解，学会如何生成图片预览、表单操作等。,731,给Python3爬虫做一个界面.妹子图网实战
free,2015 年末，苹果公司正式在 GitHub 上将 Swift 开源，如今 Swift 已经迈入了第三个大版本，随着其特性的逐渐稳定，本教程将在 Linux 环境下从零开始向你介绍 Swift 3 这门新兴的编程语言。,1816,深入浅出 Swift 3
会员,本项目在 Linux 环境下使用 C 语言多线程模型实现了排序算法，通过该项目的学习，可以理解并实践 Linux 环境的编程基础及多线程模型。,377,C 语言实现多线程排序
会员,根据九宫格盘面上的已知数字，推理出所有剩余空格的数字，并满足每一行、每一列、每一个区块(3 * 3)内的数字均含1-9，并且不重复。还记得曾经你在玩数独游戏的时候到底用掉了多少草稿纸吗？可想过用程序来解决这个难题。本课程将用python实现一个数独游戏的生成并求解，第一个实验实现数独题目的生成，第二个实验完成数独游戏的求解。主要使用Python语法知识完成本次实验，让大家熟悉和巩固Python知识，并学以致用。,876,数独游戏的Python实现与破解
会员,本课程将介绍线程相关的基础概念、高级话题以及同步和互斥三大主题，每个实验部分都通过一个实例学习Linux下的多线程编程相关技巧。并通过实践的代码案例让大家对Linux多线程编程有更深刻的认识和感受，达到初步掌握理解Linux多线程编程相关基础知识的目的。课程来源于作者学习阅读《Linux/UNIX系统编程手册》后归纳总结的精华笔记。,1776,Linux多线程编程入门指南
会员,通过本节课程来认识防火墙，了解 iptables，灵活运用。保护我们的服务器，守护我们的隐私数据。以 SYN flood、CC 攻击实例见证 iptables 保护的强大力量 ,519,Linux 防火墙技术
free,本课程是MOOC课程《Linux 内核分析》的配套实验，可以带您用理论结合实践的方法一步一步抓住Linux内核最核心的部分代码，理解Linux操作系统运行的基本过程及涉及的核心机制。,7604,Linux内核分析
会员,本课程带领大家实现经典小游戏扫雷的网页版，通过学习该课程，可以实践 JavaScript 和 CSS 等基本的 Web 开发知识，学习如何对游戏中的对象进行抽象、封装。,1021,网页版扫雷
会员,本实验将带你实现Android手机上的一些补间动画效果。实验中你将会学到如何使用资源文件和参数来定义不同的动画效果。,80,Android小案例 - 补间动画
会员,监督学习（英语：Supervised learning）是机器学习中最为常见、应用最为广泛的分支之一。本次实验将带你了解监督学习，并学会使用 scikit-learn 提供的各类监督学习方法解决实际问题。,222,scikit-learn 实战之监督学习
free,Hibernate 是一个开源的对象关系映射框架，对JDBC进行了非常轻量级的对象封装，使得Java程序员可以随心所欲的使用对象编程思维来操纵数据库。 Hibernate 可以应用在任何使用JDBC的场合。本次课程详细介绍了 Hibernate 框架结构知识，并通过多个基础的 Demo 实例讲解了 Hibernate 的用法。难度中等，适合具有 Java 基础的同学学习框架。,4908,Hibernate框架教程
会员,Shell 是一个用 C 语言编写的程序，这个应用程序提供了一个界面，用户通过这个界面访问操作系统内核的服务，是用户使用 Linux 内核的桥梁。本次课程将通过 Python 来实现一个简易的 Shell。,5276,Python 实现简易 Shell
会员,本次课程的实验项目是使用Spring+Spring MVC+mybaits框架实现简单的项目进度管理系统，旨在帮助大家巩固SSM框架的使用，难度适中，但需要大家对SSM框架有一定的了解。,324,Java实现简单的项目进度管理系统
会员,本课程我们将使用 Python 3 打造 Markdown 文本解析器，并且程序支持输出 HTML 格式与 PDF 格式的文件。,2380,Python 3 实现 Markdown 解析器
会员,本课程将使用PHP基于微信公众平台的API开发一个简易的公众号SDK，封装常用的公众号API接口。本课程既有大量的理论介绍，也具有详细的代码编写流程，通过本课程的学习，可以从一个开发者的角度了解微信公众号运行流程，数据处理与交互过程，为后续公众号开发打下基础。,907,PHP微信公众号接口开发
训练营,本课程将在实验楼环境中实现完整的仿新浪微博的项目，学习使用 PHP 最热的 Web 框架 Laravel 构建应用。在项目实战中，入门并掌握 Laravel 的基本用法，学习 HTML、CSS、JavaScript、PHP 和 Bootstrap 等知识，同时实践 Git 工作流、Gulp 前端工作流等开发方法。,449,Laravel 项目实战：仿新浪微博Web应用
会员,如果你使用 Python 语言进行科学计算，那么一定会接触到 Numpy。Numpy 是支持 Python 语言的数值计算扩充库，其拥有强大的高维度数组处理与矩阵运算能力。除此之外，Numpy 还内建了大量的函数，方便你快速构建数学模型。,427,Numpy 使用教程
free,本课程将通过理解一个操作类似于 Redis，存储理念来自于 CouchDB 的键值数据库的源代码来学习如何做数据库的数据存储，体会使用不可变数据结构的优点。,2435,Python实现键值数据库
free,本课程最终将基于BP神经网络实现一个手写字符识别系统，系统会在服务器启动时自动读入训练好的神经网络文件，如果文件不存在，则读入数据集开始训练，用户可以通过在html页面上手写数字发送给服务器来得到识别结果。,4759,神经网络实现手写字符识别系统
会员,Spark Streaming 是 Spark 引擎的一种扩展，适用于实时处理流式数据。本课程将带你学习 Spark Streaming 的工作机制，了解 Streaming 应用的基本结构，以及如何在 Streaming 应用中附加 SQL 查询。本课程难度为一般，属于初级级别课程，适合具有 Spark 基础的用户，熟悉 Spark Streaming 的工作机制。,430,Spark 基础之 Streaming 快速上手
会员,Sequelize 是一个 Node.js 平台基于 Promise 的ORM。用于操作管理 MySQL、Postgres、SQLite 等关系型数据库。本课程主要学习使用 Sequelize 操作 MySQL 数据库。Sequelize 官方文档：http://docs.sequelizejs.com/en/latest/,71,Node.js使用Sequelize操作MySQL
会员,微信朋友圈里的红包照片，还有 ios7 带来的“毛玻璃”菜单效果都很吸引眼球，这次我们就尝试用熟悉的 CSS3 来实现这个效果,598,CSS3实现“红包照片”模糊效果
free,本教程介绍如何一步步使用 Django 开发一个简单的博客 Web应用，涉及 Django Web开发，MVC，Template等知识点，适用于有 Python 和 Django 基础的同学。,7816,Django 搭建简易博客
free,2013年09月24日谷歌开发的操作系统Android在迎来了5岁生日，全世界采用这款系统的设备数量已经达到10亿台。2014第一季度Android平台已占所有移动广告流量来源的42.8%，首度超越IOS。随着Android 的迅猛发展，Android开发工程师也越来越受到企业的欢迎。本课程是安卓的基础部分，已默认用户掌握了java和一些web相关知识。,5845,Android应用开发基础
会员,本课程将通过纯前端打造一个实时 markdown 编辑器，用到的库或框架主要有 marked，Ace，highlight.js 及 Bootstrap。通过本完成本项目，将实践 web 应用程序开发的相关知识。,250,纯前端打造实时markdown编辑器
会员,本课程基于卷积神经网络，使用Caffe框架，探讨图片风格迁移背后的算法原理，手把手教你实现和Prisma一样的功能，教计算机学习梵高作画。,435,基于卷积神经网络实现图片风格的迁移
会员,Flappy Bird 是之前十分热门的小游戏，后来出现多个衍生版本。本节课程将使用 C 语言来实现一个字符版 Flappy Bird，感受不一样的风采。本课程学习后将会熟悉C语言，以及绘图库ncurses的使用。本课程适合有C语言基础，想做练手项目的同学，可以有效的学习ncurses绘图库的使用，做一些有趣的事情。,2819,C语言版flappy_bird
free,本课基于 Reve web 框架开发一个博客系统。其中将涉及 go 语言编程，实验环境安装配置以及博客系统的相关设计，如何实现博客的评论和留言功能，归档和提醒功能。难度适中，适合具有GO语言基础的同学学习。,1298,基于GO语言Revel框架和mgo的博客
free,一个面向 Node.js 初学者的系列课程，这个课程是希望提供更多的 Node.js 实战机会，通过每一节精心安排的课程目标，让 Node.js 的初学者们可以循序渐进地，有目的有挑战地开展 Node.js 的学习。适合想要入门Node.js的后端开发新手。,4397,Node.js包教不包会
会员,SSM（Spring+Spring MVC+MyBatis）是媲美于 SSH 框架的轻量级 Java EE 框架。本次项目课的场景，假设为开发一个简单的用户基本信息的管理网站，在数据库中存在的每一个用户都可以登录网站，然后在网站上进行用户的管理（增删改查）。主要目的是为了展示如何整合 SSM 框架。,582,SSM 框架整合实例
free,我们知道网站用户访问流量是不间断的，基于网站的访问日志，即 Web log 分析是典型的流式实时计算应用场景。比如百度统计，它可以做流量分析、来源分析、网站分析、转化分析。另外还有特定场景分析，比如安全分析，用来识别 CC 攻击、 SQL 注入分析、脱库等。在本课程中，我们将基于 Spark Streaming 流式计算框架，简单地实现一个类似于百度分析的系统。本课程源自图灵教育的《Spark 最佳实践》第6章第3节，感谢图灵教育授权实验楼发布。,920,流式实时日志分析系统——《Spark 最佳实践》
会员,本课程通过完成《多线程生产者消费者模型仿真停车场》项目，可以深入了解 Linux 操作系统的多线程机制，动手实现一个非常经典的操作系统题目，学习多线程编程，互斥量等基础知识。,370,Linux下实现多线程模型
会员,本次课程将介绍如何使用Spark MLlib对Twitter上的流数据进行情感分析，并且利用Python的工具包basemap可视化美国不同的州对于曾经的总统候选人希拉里及川普的情感分析结果，通过地理信息可视化我们可直观的感受到这两位候选人的受欢迎程度。,1257,Twitter数据情感分析
会员,本节课程我们将介绍如何利用ebay上的拍卖数据进行数据分析，实现通过数据判断拍卖最终是否可以成功交易和预测最终成交的价格。,1840,ebay在线拍卖数据分析
会员,本课程通过以实例构建软件项目编译环境的工程，从这个过程中学习make命令的使用及makefile的相关编写技巧。,993,跟我一起来玩转Makefile
会员,"本实验是在 ubuntu 系统环境下搭建一个简易的 DNS 服务器，你可以通过它来管理局域网的 ip 地址，更加方便理解和记忆。通过构建私有 DNS 服务器，来学习 linux 的运维管理， 并从中了解到一些关于的DNS小知识。 本课程适合有 Linux 基础，想学习运维或者网络开发方向的同学，可以学习本课程入门。
",334,Linux 系统搭建及配置 DNS 服务器
free,本课程将介绍常用的设计模式以及 Java 语言的实现实例来学习 java 设计模式。从中我们可以学习到很多类型的设计模式，其中包括工厂模式、抽象工厂模式、单例模式、适配器模式、观察者模式、装饰者模式等等。,10708,Java进阶之设计模式
free,Mahout 是 Apache Software Foundation（ASF） 旗下的一个开源项目，提供一些可扩展的机器学习领域经典算法的实现，旨在帮助开发人员更加方便快捷地创建智能应用程序。本课程难度为简单，属于入门级别课程，适合本课程难度为一般，属于初级级别课程，适合具有hadoop基础的用户。,1283,Mahout教程
会员,"只要你懂c语言，就可以自己利用OpenGL库和freeimage，用纹理在Linux系统显示的一个动态地球模型，自己一直在转动中,且可通过w，s，a，d按键控制移动，鼠标滚轮控制放大和缩小。学习后加深对C语言的理解和学会使用OpenGL库。本课程适合有C语言基础，对于OpenGL绘制有兴趣的同学，学习后可以加深理解。",780,酷炫OpenGL旋转地球模型
free,本实验仅用200行的 python 代码完成2048小游戏的编写。通过本实验将学习 Python 基本知识，状态机的概念，以及编写 python 游戏的步骤。为 Python 的进阶课程，需要用户具有 Python 的语法基础。,24474,200行Python代码实现2048
会员,在前导课程《Floodlight 入门教程》中，我们学习了使用 curl 工具调用 Floodlight 控制器提供的Rest API。这节课将在上节课的基础上更深入的学习使用 API 进行网络控制和管理。,21,Floodlight Rest API 应用实战
free,Redis是一个开源、支持网络、基于内存、键值对存储数据库。本课程介绍Redis系统的基本配置和使用方法。,6760,Redis基础教程
会员,应用马尔科夫链算法，实现根据给定训练文本，输出随机生成的中/英文文本。使用 Python 实现一个类，封装可供使用的方法。,915,Python应用马尔可夫链算法实现随机文本生成
会员,平时经常使用 Google 浏览器拓展插件，本课程将带你打造属于自己的 Google 浏览器扩展，实现的功能为列表清单。学习该实验需要掌握基本的 Web 开发知识，以及能够看懂基本的 Angular 语法。,1967,手把手教你实现 Google 拓展插件
会员,相信用过 Windows 的同学一定都对 Windows 自带的画板不陌生吧，虽然功能简单却也还实用。今天我们的这门课程就是要利用 Pygame 模块来自己实现一个功能更加简单的画板。,3972,Python 实现简单画板
free,一个经典的数据架构中，Hadoop 是处理复杂数据流的核心。数据往往是从许多分散的系统中收集而来，并导入 Hadoop 分布式文件系统（HDFS）中，通过 MapReduce 或者其他基于MapReduce 封装的语言（如 Hive、Pig 和 Cascading 等）进行处理，将这些已经过滤、转换和聚合过的结果导出到一个或多个外部系统中。本章的重点将关注 HDFS 数据的导入与导出，主要内容包含与本地文件系统、关系数据库、NoSQL 数据库、分布式数据库以及其他 Hadoop 集群之间数据的互相导入导出。,709,Hadoop 分布式文件系统——导入和导出数据  
free,本实验主要任务是根据已掌握的１批分类明确的样本数据，建立好判别函数，选择使产生错判的事例最少的模型，进而对给定的待判样本，判断它来自哪个总体。根据不同的判别准则，可以分为距离判别、贝叶斯判别和费歇儿判别。实验首先简单介绍了每种判别方法的判别准则函数，然后通过自编函数对判别函数进行实现，接着测试每种方法的判对率，选择出最适合的模型，最后，根据前面的学习运用线性判别对股票数据的涨跌情况进行再次预测。,38,R 语言实现样本数据的判别分析
free,简明易懂的 Python3 课程，不仅适用于那些有其它语言基础的同学，对没有编程经验的同学也非常友好。本课程不仅讲解了 Python3 基础知识，还介绍了 PEP8、Virtualenv、测试、项目结构以及 Flask 相关内容,13959,Python3 简明教程
free,本课程将使用 Python3 去识别图片是否为色情图片，我们会使用到 PIL 这个图像处理库，会编写算法来划分图像的皮肤区域。其中涉及到Python 3 基础知识，肤色像素检测与皮肤区域划分算法，Pillow及argparse的使用。,11308,Python3 色情图片识别
会员,本课程通过原生套接字的方式，监听所有本地主机收发的数据链路层帧结构，然后解析数据包的类型，并记录到日志文件。实现一个轻量级的网络嗅探器。,280,C语言实现 Linux 网络嗅探器
free,在本实验中，我们将使用实验楼的环境进行在线编程解决 LeetCode 等题目，积累算法解题的实战经验。,10421,经典算法解题实战
free,"本课程为《Git Community Book 中文版》提供配套实验，汇聚了Git社区的很多精华, 帮助你尽快的掌握Git。感谢译者@liuhui998授权。",31563,Git 实战教程
free,本次课程讲的是在实验楼的在线实验室中，如何使用去管理在实验室中使用的代码、配置、资源等实验相关文件，怎样去添加、同步和下拉在远程仓库中的实验文件，以此来维持自身的实验进度。,2024,Github 快速上手实战教程
会员,本课程中将使用 JavaScript 实现按键控制坦克在网页上移动，通过使用很简单的，清晰明了的代码使坦克在页面上平滑的移动，通过学习可以掌握 JavaScript 的按键操作，从而让你的页面更好的与用户互动。,699,基于 JavaScript 按键控制坦克移动
会员,"本项目基于 Laravel 5.1 实现完整的网站用户注册和登陆系统。通过该项目的开发，逐步熟悉优雅的 PHP 框架 Laravel。本课程难度一般，适合对PHP后台开发感兴趣以及想学习入门 laravel 的同学。
",1709,Laravel实现用户注册登录
会员,本次课程将使用 C 语言完成一个简单的通讯录。会涉及到结构体、数组、链表等重要概念。因此，您需要对 C 语言有一定的了解。,718,C语言实现通讯录
free,jQuery是继prototype之后又一个优秀的Javascript库。它是轻量级的js库 ，它兼容CSS3，还兼容各种浏览器。本系列文章将带您进入jQuery的精彩世界。适合已经有一定的前端基础，学习过HTML、CSS、JS的人学习。,4779,jQuery基础入门
会员,"Web 2.0时代，即时通信已经成为必不可少的网站功能，那实现Web即时通信的机制有哪些呢？在这门项目课中我们将一一介绍。最后我们将会实现一个基于Server-Sent Event和Flask简单的在线聊天室。本课程难度中等，属于python中等的项目课程，需要有 Flask 和 Python 基础。可以在完成一系列简单的项目课之后，尝试突破本课程中的一些难点。
",530,Flask 实现简单聊天室
会员,Spring MVC 属于 SpringFrameWork 的后续产品，已经融合在 Spring Web Flow 里面，是一个强大灵活的 Web 框架。Spring MVC 提供了一个 DispatcherServlet 作为前端控制器来分配请求。通过策略接口，Spring 框架是高度可配置的。Spring MVC 还包含多种视图技术，如 Java Server Pages（JSP）、Velocity、Tiles、iText 和 POI 等。,803,Spring MVC 简易教程
会员,本节课将介绍 Kafka 及实现原理，然后讲解 Kafka 集成 Flume ，KafkaOffsetMonitor 安装及使用，案例演示，学习完本课程，你将对kafka有深入的了解，很快上手。,889,Kafka快速上手教程
free,本课程将通过使用 Python 语言实现一个 Web 服务器，探索 HTTP 协议和 Web 服务的基本原理，同时学习 Python 如何实现 Web 服务请求、响应、错误处理及CGI协议，最后会使用 Python 面向对象思路进行重构。,8274,Python实现简单的Web服务器
会员,本课程通过实现linux pwd命令，以理解linux文件系统的基本概念及内部实现，并熟悉linux系统与文件系统相关的系统调用接口。,1414,C语言实现linux pwd命令
会员,在本课程中，你将可以学习到 Spark 的机器学习库—— MLlib 的相关知识，了解 MLlib 与 ML 之间的区别和联系，掌握 MLlib 中的几个基本数据类型。同时，本课程还将通过一个电影推荐的实例，讲解如何利用机器学习算法解决实际问题。本课程难度为一般，属于初级级别课程，适合具有 Spark 基础的用户，熟悉 Spark 平台中的机器学习库的基本使用方法。,291,Spark 基础之使用机器学习库 MLlib
free,本课程的学习目的是让学生熟悉公钥加密与 PKI 的概念，内容包含公钥加密，数字签名，公钥认证，认证授权，基于 PKI 授权等内容。学生将以使用工具或者写程序的方式建立基于 PKI 的安全信道。,1206,公钥加密与PKI实验
会员,轮播图是在各大网站中经常见到的图片展示形式，本课程基于 HTML+CSS+JavaScript+jQuery 实现图片轮播，这是一个很容易上手的前端入门练习项目。,390,基于 jQuery 实现图片轮播
free,本次课程主要内容就是介绍如何通过在 Amazon AWS EC2 服务器上部署  Ghost v0.9.0 来创建个人博客。,185,基于 Amazon AWS EC2 部署 Ghost 博客
会员,实现Android手机上的简单简单计算器功能。利用第三方表达式求值的库，实现手机上都有的计算机的功能。,489,Android手机上的计算器实现
free,本课程通过一个简单的例子来实现破解验证码。从中我们可以学习到 Python 基本知识，PIL 模块的使用和破解验证码的原理。本项目难度中等。适合有 Python 基础的人群进行学习。,10505,Python 破解验证码
free,在 Django 入门教程的基础上，继续对 Django Web 框架进行学习。其中包括强大的后台、邮件功能、缓存系统、页面静态技术等等。,2011,Django 进阶教程
free,"跨站点脚本(XSS)是一种常见较弱的web应用程序漏洞,攻击者使用这个漏洞注入恶意代码(例如JavaScript)来攻击受害者的web浏览器。",1275,Collabtive系统跨站脚本攻击实验
free,针对《釜山行》剧本的文本，使用python编写代码分析文本中人物的共现关系，完成对《釜山行》文本的人物关系提取，并利用Gephi软件对提取的人物关系绘制人物关系图。,7390,Python基于共现提取《釜山行》人物关系
会员,Python基于OpenCV和PyAudio实现的局域网内视频聊天工具，支持IPv6。优点是校园网/IPv6下不走流量。,1644,Python实现简易局域网视频聊天工具
会员,本次课程我们将利用 github page 的特性来部署由 Hexo 框架渲染生成的静态博客。并且为博客添加插件以实现评论、七牛实现图床等功能。,896,使用 Github Pages 和 Hexo 搭建独立博客
free,本课程主要介绍了16个设计模式的相关知识，使用UML类图形象表示各个类之间的关系，并使用PHP实现示例代码。课程内容文字较多，且知识点较为抽象，学习起来有一定的难度。适合作为进阶课程学习。,2763,16个PHP设计模式详解
会员,本课程主要内容是讲解利用PHP的一个扩展库：CURL来进行信息的采集，完成一个类似网络爬虫的小项目，对采集的信息并进一步处理。课程中对实验楼的课程页面进行爬取，并取出其中的课程标题和课程图片，存入数据库。主要的知识点是CURL的使用方法，以及正则表达式的编写。,302,PHP实例--CURL实现简单采集
会员,Spark进入2.0时代，引入了很多优秀特性，性能上有较大提升，API更易用。在“编程统一”方面非常惊艳，实现了离线计算和流计算API的统一，实现了Spark sql和Hive Sql操作API的统一。真正做到了“更简单、更快速、更智能”！,339,Spark2.x 快速入门教程
会员,模式挖掘也叫关联规则，其实就是从大量的数据中挖掘出比较有用的数据，挖掘频繁项。比如说超市有大量的购物数据，从而可以根据用户的购物数据找到哪些商品之间关联性比较大。进行关联推销产品。也可以进行用户推荐。,142,Spark的模式挖掘—FPGrowth算法
会员,虚拟专用网络的功能是：在公用网络上建立专用网络，进行加密通讯。在企业网络中有广泛应用。VPN网关通过对数据包的加密和数据包目标地址的转换实现远程访问。VPN有多种分类方式，主要是按协议进行分类。VPN可通过服务器、硬件、软件等多种方式实现。,44,VPN数据包分析
会员,Pandas 是非常著名的开源数据处理工具，我们可以通过它完成对数据集进行快速读取、转换、过滤、分析等一系列操作。除此之外，Pandas 拥有强大的缺失数据处理与数据透视功能，可谓是数据预处理中的必备利器。,526,Pandas 使用教程
会员,本课程将使用 PHP 实现一个简单的 MVC 框架，包含模型、视图、控制器以及模板解析等部分。通过本课程的学习，可以了解MVC框架的基本原理和运行流程，学习面向对象编程和MVC设计模式，并学习开发中的一些注意事项。对其他框架学习有很大的帮助作用。,1806,PHP 实现简单的 MVC 框架
会员,Markdown 几乎成为了程序员编写文档的标配，Markdown 的相关语法简单，解析 Markdown 文本能够加深日后编写编译器中词法分析的理解，本项目将使用 C++ 实现 Markdown 解析器，并将解析的内容生成为 HTML。,698,C++ 打造 Markdown 解析器
free,现在我们每天的生活中几乎都离不开这样的场景：在注册的时候使用到手机短信验证进行绑定；在特约取款的时候要通过短信的方式获取验证码等等。接下来这门课就是要向你展示如何去利用 LeanCloud 提供的API来实现一个简单短信验证网页。,1421,基于 LeanCloud 的短信验证
会员,Fragment是Activity的一种子模块，它必须嵌入到Activity中使用。Fragment的引入最初是为了适应大屏幕设备，因为大屏幕设备（比如平板）可以容乃更多的UI组件，并且这些组件之间存在交互的关系。Fragment允许开发者对UI组件进行模块化的管理，具有更多动态特性，对于提升应用的性能和体验非常有帮助。,1020,Android小案例 - Fragment（片段）
训练营,"在线完成4个经典C++项目，高强度项目训练学习C++语言开发。知识涵盖C++基础，面向对象，网络开发等知识。课程随到随学，遇到技术问题在讨论区发帖提问，有工程师回复解答。
",248,C++ 经典项目实战
free,"本课程以ROS官网的安装、入门以及初级教程为模版制作（原滋原味，一脉相承），包括安装ROS、学习并理解相关概念以及技术要点等；结合初级教程，提供每一步详细操作命令，边学边练。
ROS (Robot Operating System, 机器人操作系统)是一个适用于机器人的开源操作系统。它提供了操作系统应有的服务，包括硬件抽象，底层设备控制，常用函数的实现，进程间消息传递，以及包管理。它也提供用于获取、编译、编写、和跨计算机运行代码所需的工具和库函数。在某些方面ROS相当于一种“机器人框架”。",1503,ROS机器人操作系统的安装、配置与初级教程
会员,WebSocket是HTML5一种新的协议，它实现了浏览器与服务器全双工通信，本课程使用了WebSocket来开发网页聊天室，前端框架使用AmazeUI，后台使用Java，编辑器使用UMEditor。课程能够让大家了解如何开发一个简单的网页聊天室。本课程难度偏上，属于中级课程，适合具有Java基础以及网页前端技术知识的用户学习。,1161,Java和WebSocket开发网页聊天室
会员,本课程将使用 C 语言亲手制作基于 GTK + Libvlc 实现的简易视频播放器，支持点击按钮暂定和停止播放视频，同步步显示视频播放进度，全屏播放等功能。本课程适合具有C语言基础，对于 GTK 图形编程方面感兴趣的同学，可以参照本课程入门，看api文档继续提高。,406,GTK开发视频播放器
会员,本课程将通过更加深入的讲解，使用真实的 SFPD 数据集，结合实际问题的分析过程，带你学习 DataFrame 的创建方式、常用操作、UDF 自定义函数 和重分区相关知识。,465,Spark 基础之 DataFrame 高阶应用技巧
free,Hive 是一个基于 Hadoop 文件系统之上的数据仓库架构。它可以将结构化的数据文件映射为一张数据库表，并提供简单的 sql 查询功能。还可以将 sql 语句转换为 MapReduce 任务运行。,2791,HIVE教程
free,本课程的学习目的是让学生熟悉单向哈希函数以及消息认证码（MAC），在完成本课后，学生应当对密码学概念有更深入的理解并且能通过使用工具或者编程为一段指定的信息生成哈希值以及消息认证码。,883,单向哈希函数与MAC实验
free,本课程将通过一个简单的项目实现过程学习Rails框架，熟悉Rails的各种概念。学习本课程需要有一定的Ruby语言基础。难度适中，适合对 Ruby 有所基础的用户学习。从中可以学习到 Rails 开发，巩固 Ruby 基础知识。,1184,Rails基础入门
free,本课程是基于杨铸所著《Linux下C语言应用编程》制作的。主要讲解了 Linux 下的编程体验，并且涉及文件IO以及多进程等等。,5304,Linux系统编程
free,"本期实验意在实现利用 HTML5 的 canvas 技术，结合 HTML5 的 File AP I来实现图片的本地裁剪。通过本实验将学习到如何结合 HTML5 与 JavaScript 编写简单的单页应用。本课程难度一般，适合刚入门前端的同学，需要了解 cavas 并且有 JavaScript 基础。
",4866,基于 HTML5 实现本地图片裁剪
会员,越来越多的网站使用 Markdown 语言作为标准写作语言，本实验就将使用 Laravel 5.1 从头到尾制作一个支持 Markdown 的文章系统。,175,Laravel 5.1 实现 Markdown 编辑器
free,跨站请求伪造(CSRF或XSRF)攻击可用于盗取身份，造成盗号、虚拟货币转让、购买商品等跟人隐私及财产安全的威胁。,965,Collabtive系统跨站请求伪造攻击实验
会员,本课程使用 ThinkPHP 开发一个简易的后台权限管理系统，了解权限的分配与管理，实现用户的权限管理操作。具有一定的通用性。,381,ThinkPHP5 开发后台权限管理系统
会员,新闻摘要提取就是除去新闻中冗余的部分，只保留关键的语句。最近几年关于新闻摘要提取的相关算法发展迅速，本课程将通过两个实验来为大家介绍两个不同的提取摘要算法，并通过python语言完成英文新闻摘要的自动提取。,1773,Python 实现英文新闻摘要自动提取
会员,"Radix树 , 这是一种基于二进制表示的键值的查找树，尤其适合处理非常长的、可变长度的键值，Patricia 的基本思想是构建一个二叉树。",292,C++ 实现基数树 radix tree
free,本课程使用的开发环境为 Python 3.x 、Django 1.8.13。课程中将对 Django 的环境搭建、视图、链接路由、模板、模型、数据库操作以及表单进行简单介绍，并结合简单实验示例加以练习。从中我们将学会如何使用 Django 快速构建和维护一个高质量的 Web 应用程序，并加深对于 Django 的 MVC 设计模式的认识。 ,5152,Django 入门教程
会员,本课程意欲通过三种不同的方式解决‘’哲学家就餐‘’这个经典的问题。在了解一些基本的操作系统的知识之后，通过实验加深对线程，死锁，活锁的认识，并深入理解解决死锁的算法思想。,125,Python 解决哲学家就餐问题
会员,VAR模型是向量自回归模型的简称，是基于数据的统计性质建立的一种常用的计量经济模型，VAR模型把系统中每一个内生变量作为系统中所有内生变量的滞后值的函数来构造模型，从而将单变量自回归模型推广到由多元时间序列变量组成的“向量”自回归模型。本实验运用R语言来建立两变量的向量自回归模型，首先是检验两变量序列的平稳性，然后进行协整检验，确定滞后阶数，再拟合VAR模型，最终对拟合的VAR模型进行模型的预测。通过本实验学会用VAR模型处理多个相关经济指标的分析与预测。,51,R语言建立VAR模型分析联合内生变量的动态关系
会员,Docker 的本质是使用 LXC 实现类似虚拟机的功能，进而节省的硬件资源提供给用户更多的计算资源。本项目将 C++ 与 Linux 的 Namespace 及 Control Group 技术相结合，实现一个简易 Docker 容器。,457,C++ 实现简易 Docker 容器
会员,通过实现一个文件类型统计程序，对Linux的文件系统有一个更加深入的了解，尤其在文件类型的判断，目录的操作上的理解会加深。,344,C语言实现文件类型统计程序
会员,本课程主要学习了如何查找相片中的Exif信息，并通过Exif信息中的GPS数据在百度地图中进行定位标点，以确定相片的拍摄地点！,425,基于PyQt5 实现地图中定位相片拍摄位置
会员,本课程学习 linux 目录与文件属性，使用C语言实现 Linux ls 命令。其中涉及到 ls 的原理，如何获取获取文件的属性，掩码的相关知识。认识linux系统函数opendir()，readdir()等的调用方法。,186,C语言实现Linux ls命令
会员,本课程将通过使用 Node.js 与 socket.io 搭建服务程序，配合 Angular.js 能够动态声明内容，使用 bootstrap 框架的方式完成一个简单的聊天室应用。socket.io 封装了 WebSocket ，良好的兼容性，可以在不同的浏览器和移动设备上构建实时应用，非常方便和人性化。本课程主要学习 socket.io 和 Angular.js。,233,Node.js+Angular.js 实现简易聊天室
会员,React 是一个 Facebook 和 Instagram 用来创建用户界面的 JavaScript 库。创造 React 是为了解决一个问题：构建随着时间数据“不断变化”的“大规模”应用程序。本课程虽然使用了前端框架 antd，从零开始构建一个 React 后台管理界面，并结合 React+React-Router+React-Redux 实现页面功能，加深对 React 全家桶的理解及运用。,201,React 全家桶构建后台管理平台
会员,每到节日，各种的抽奖活动数不胜数，大奖很丰厚，但是，获奖的概率总是很小。我们可以制作一个属于自己的抽奖转盘，探寻抽奖过程的奥秘。 本项目课将会教大家如何使用CSS3来制作抽奖转盘，也会用到 HTML 及 jQuery 的一些基础知识。,258,基于 CCS3 实现抽奖大转盘
free,本课程用C语言做一个简单的计算器，进行加、减、乘、除操作。本程序涉及的所有数学知识都很简单，但输入过程会增加复杂性。都是C语言很基础的东西（输入输出），学了之后能写出一个完整的C语言程序。适合涉及C语言的基本语法，与输入与输出。适合初学者学习。,9211,C语言制作简单计算器
会员,本课程参考 Meteor 官方教程编写，通过 Meteor 和 React 实现一个 Todo 应用，主要学习 Meteor 基础和 React 基础。本课程难度为一般，属于初级级别课程，适合具有 Node.js 基础的用户，学习 Meteor 开发平台。,241,Meteor+React实现Todo应用
会员,通过 C 语言实现Linux who命令 项目的学习，可以掌握 Linux 操作系统为上层提供的访问系统数据文件的接口。更好的理解 Linux 操作系统工作的原理。,136,C 语言实现Linux who命令
free,本课程的学习目的是让学生熟悉加密的基本概念，熟悉和了解加密算法、加密模式、 填充、以及初始向量的定义与作用。,3011,密钥加解密实验
free,PHP是一种被广泛应用的开放源代码的多用途脚本语言，它可嵌入到 HTML中，尤其适合 web 开发。实验课程基于《PHP 参考手册》中文版本制作。,10789,PHP 编程语言
free,本课程将学习包括 java.lang 包，java.util 包，java.io 包以及泛型的相关知识,6550,JDK 核心 API
free,本实验将介绍 Java 语言基本语法、Java 平台应用、 Java 的核心概念：JVM、JDK、JRE以及 java 面向对象思想。同时我们会学到如何在系统中搭建 Java 开发环境，以及如何利用第三方工具进行 Java 程序的开发。,26930,Java编程语言（新版）
会员,使用python打造自己的漏洞扫描器，拥有插件系统，可以自定义，实现扫描器基础功能。会实现网站爬虫，基于爬虫的插件，CMS识别，目标端口扫描，系统指纹分析，目录敏感文件爆破，最后会以web接口方式操作，展现扫描的成果。,935,Python打造漏洞扫描器
free,Set-UID 是一个重要的安全机制，但是如果一个程序的拥有者是root，那么任何人运行这个程序时都会获得root权限，这是很多坏事情的罪魁祸首。,1804,SET-UID程序漏洞实验
会员,裁剪图片时，需要尽可能保留下图片中最关键或最重要的信息。在本课程里我们将学习如何使用 Python3 智能的裁切图片。,686,Python3 智能裁切图片
free,"Vuejs2.0 使用教程,在本实验中你可以学到数据双向绑定，介绍vuejs的部分指令等等。适合有一些html和js经验的伙伴。",1874,Vuejs2.0 使用教程
会员,本系列课程通过使用C++语言实现智能指针的过程，来了解C++基本程序设计的方法，包括类的定义与使用，运算符的重载，模板类的使用方法，以及引用计数技术。,787,C++实现智能指针
会员,万事开头难，在机器学习里在真正开始训练跑算法之前，都需要进行数据预处理，我们需要人工的或“启发式”地去处理数据，提取特征，数据预处理的效果对后续训练过程很关键。这门课程将介绍一种基于无监督学习神经网络数据降维的一种应用——自联想存储器。,1011,基于无监督学习的自编码器实现
会员,OpenStack是一个云操作系统，通过数据中心可控制大型的计算、存储、网络等资源池。所有的管理通过前端界面管理员就可以完成，同样也可以通过web接口让最终用户部署资源。,63,OpenStack Ocata版本单节点搭建
会员,服务器开发中 Web 服务是一个基本的代码单元，将服务端的请求和响应部分的逻辑抽象出来形成框架，能够做到最高级别的框架级代码复用。本次项目将综合使用 C++11 及 Boost 中的 Asio 实现 HTTP 和 HTTPS 的服务器框架。,3037,C++ 开发 Web 服务框架
会员,通过使用Python实现一个FTP弱口令扫描器开始，入门Python渗透测试技术，实验涉及FTP协议原理，ftplib 库的使用等知识点。本项目较为简单，适合初级人群。学习该项目的同学应该有一些计算机网络有基础。,785,Python 实现 FTP 弱口令扫描器
free,本课程使用Python脚本爬取某租房网站的房源信息，利用高德的 js API 在地图上标出房源地点，划出距离工作地点1小时内可到达的范围。在项目实现的过程中熟悉了requests、BeautifulSoup、csv等库的简单使用。,11367,高德API+Python解决租房问题
会员,本课程使用 Node.js+Redis 实现一个简单的漂流瓶应用，主要学习 Node.js 和 Redis 的使用和结合。项目中，我们使用redis 这个 npm 包来操作 Redis 数据库。同时使用 Express 提供 Web 服务。,184,Node.js+Redis实现漂流瓶
free,本课程主要向用户介绍会话管理中cookie和session的相关基础知识，并简述它们实际的应用场景。并详细讲解PHP是如何对cookie 和session进行增删查改的操作。两个实验均配有实战项目，让用户能将学到的知识快速应用到实际的项目中。,1833,PHP会话控制
会员,本课程通过 Node.js 实现一个简单的爬虫，爬取豆瓣热门电影。主要会用到的模块（包）有：http，fs，path，cheerio。http 模块用于创建 http 请求，fs 模块用于保存文件，path 模块用于解析路径，cheerio 包是服务器端的 jQuery 实现，这里用于解析 HTML。,286,Node.js实现简单爬虫
会员,本节课主要介绍了 Hadoop 开发环境搭建，并基于YouTube 数据集根据任务需求编写 MR 程序，然后讲解演示了直接运行与打 jar 运行的区别等，希望学完本节课，能帮助您理解并学会搭建 Hadoop 开发环境并编写 MR ，很快上手。,181,MapReduce 分析 Youtube 数据
会员,本课程基于 HTML+CSS+JS+jQuery 实验网页版 2048，你能学到 Web 应用程序的开发流程，从布局，初始化到编写游戏逻辑，以及如何让应用在移动端自适应以应对各种大小的屏幕。,948,网页版2048
free,本课程完成一个使用 Python 来解析纯文本生成 HTML 页面的小程序。从中我们将使用Python基础语法知识以及HTML标记语言知识，以及如何用 Python 将纯文本分成一个一个的文本块，并对它对解析。文本中使用部分简单的 Markdown 语法。通过学习加深巩固Python、HTML的基础知识。,3900,Python文本解析器
会员,通过C语言实现LSB信息隐藏算法来演示并讲解图像信息隐藏技术的基础与原理，带领初学者了解信息隐藏技术领域。,397,BMP图像信息隐藏
会员,本课程主要介绍如何配合 Node.js 服务程序实现文件上传。课程将会从基础的 Node.js 实现开始介绍其中的原理及重点，然后通过使用应用框架及第三方模块简化代码，简单实现文件上传功能。最后对文件上传功能进行一些扩展。,186,Node.js上传文件实例
会员,使用 Python 3 来编写一系列的实用脚本，实验的过程中能熟悉 Python 3 的使用，学习使用各种功能强大的模块。,2815,使用 Python 3 编写系列实用脚本
free,本课程介绍了正则表达式基本概念，并在Linux Shell环境中实践如何使用正则表达式对文本字符串进行处理。难度一般，适合具有 Linux 基础的同学学习。,7015,正则表达式基础
free,本课程利用 HTML 和 CSS 来打造 《超能陆战队》里的“暖男”—大白。通过本实验可学习如何用 HTML 结合 CSS 来设计高端大气上档次的图，并了解 HTML 布局，CSS 构建对象样式。,4837,纯 CSS 打造网页版「大白」
会员,SSH（Spring + Struts + Hibernate）集成框架是应用十分广泛的一种 Java Web 应用程序开发框架。本次项目课的场景，假设为一个简单的用户管理网站，在数据库中存在的每一个用户都可以登录网站，然后可以在网站上面进行用户管理（增删改查）。通过实例让同学们感受 SSH 框架的强大之处，也会对之前学习的各种框架的应用和理解更加清晰、透彻。本课程难度偏上，属于中高级课程，适合具有Java Web 和框架知识的同学学习，帮助他们更加清晰、透彻地理解和应用框架。,1646,SSH 框架应用实例
free,本课程将利用NBA在2015~2016年的比赛统计数据进行回归模型建立，最终在今年2016~2017的常规赛中预测每场比赛的输赢情况。,4565,NBA常规赛结果预测——利用Python进行比赛数据分析
free,本实验课程是通过在一个小Linux（Linux 0.11）上针对操作系统的各个模块开展的深入实践，同时本课程也是为网易云课堂李治军老师《操作系统之基础》、《操作系统之进程与线程》等四门课程的配套实验课。,10685,操作系统原理与实践
会员,"本课程操作 redis 实现异步订阅和发布，其中将介绍 redis 基础知识，在linux中安装和使用 redis ，常用的 hiredis API，并实现一个例程。
 ",248,C++操作 redis 实现异步订阅和发布
会员,"现在的日常生活已经离不开微信，本文将会抛砖引玉演示如何使用Python调用微信API做一些有意思的东西。
本课程通过聊天机器人为例，介绍如何使用Python完成微信的点对点信息交互。
本课程教学视频及拓展内容地址：https://www.bilibili.com/video/av12860627/",2210,利用微信API将你的微信变为聊天机器人
会员,本课程主要内容是讲解PHP中无限极分类的相关内容，无限极分类技术在开发中经常会遇到，例如网上商城的商品分类，企业网站的部门结构，博客网站的文章分类等等。课程中通过一个简单的小项目，实践无限极分类技术，并介绍了递归算法的使用。,271,PHP实例--理解无限级分类
会员,"TensorFlow 是 Google 开发的一款神经网络的 Python 外部的结构包，也是一个采用数据流图来进行数值计算的开源软件库。TensorFlow 让我们可以先绘制计算结构图, 也可以称是一系列可人机交互的计算操作, 然后把编辑好的Python文件转换成更高效的 C++， 并在后端进行计算。",490,基于TensorFlow实现卷积神经网络
训练营,使用Python Flask Web开发框架实现类似StackOverflow的在线问答平台LouQA，具备提问，回答，评论等功能。学习数据库设计，Python Web 开发及 bootstrap 相关知识。,164,仿 StackOverflow 开发在线问答系统
会员,通过完成一个C语言实现Linux touch命令项目，学习基于LINUX环境的系统编程技术，尤其 Linux 文件 IO 操作相关技术。,467,C语言实现Linux touch命令 
free,模版引擎使得用户界面能够与业务数据分离，前端与后端分离，它通常用于渲染页面文件。本课程将使用Python实现一个具备基础功能的模板引擎。,420,Python实现模板引擎
会员,本实验课程适合将要学习Android开发的同学，在这里，你可以学到如何在Android Studio中创建项目，并启动Android应用的运行环境。,1999,Android Studio项目创建和模拟器配置
free,看图片闯关，学程序，游戏人生！updating......,2533,每天一个PythonChallenge《任务三》
会员,我们将在本实验继续学习Android提供的轻量化存储方案Shared Preference，你将在本实验中学习到如何创建SharedPreferences对象并通过编辑器来写入和读取数据。,48,Android小案例 - 轻量化存储（Shared Preference）
会员,本次实验将指导如何使用Python开发具有记录键盘输入、屏幕截图、网络传输等功能的黑客木马程序，详细讲解了相关的linux设备文件的原理，缓冲区处理，多进程和网络编程等相关知识。,1121,Python开发木马程序
会员,本课程分为两个实验。实验一用C语言实现一个简易的WEB服务器。实验二加入了能支持动态解析PHP程序的功能。主要涉及到的技术有：Linux Socket编程，HTTP协议（只实现GET请求），Fast-CGI协议。本课程适合有C语言基础的同学学习，讲解了最基本的web服务器工作流程，学习后熟悉建立套接字等操作流程。深入解释接口协议，让同学明白一个web服务器是怎么解析动态语言的。,1387,C语言实现一个支持PHP的简易WEB服务器
会员,本课程是 Hadoop 的一个非常基础的应用项目，利用实验楼提供的 Hadoop 环境，对一本武侠小说的文集进行简单的 WordCount 词频统计，从而得到该书中出现频次最高的人名。需要一定的 Hadoop 和 MapReduce 基础。本课程难度为简单，属于入门级别课程，适合对 Hadoop 刚刚入门的用户，甚至没有接触过 Hadoop 的用户也可以按照步骤一步步做出来。,949,基于 Hadoop 对武侠小说进行词频分析
训练营,"在线完成5个经典C语言项目，高强度项目训练学习C语言开发。知识涵盖C语言基础，Linux系统开发，Socket开发等知识。课程随到随学，遇到技术问题在讨论区发帖提问，有工程师回复解答。
",179,C 语言经典项目实战
free,"目前 MongoDB 是 IT 行业非常流行的一种非关系型数据库(NoSQL),其灵活的数据存储方式备受当前 IT 从业人员的青睐。本课程是 MongoDB 基础教程，介绍了 MongoDB 基本的集合操作、高级查询以及索引与聚合。",8498,MongoDB 基础教程
会员,本次课程是基于 Flask Web 框架开发的娱乐级别的微信公众号后台，学习并实践 python 编程，Flask Web 开发以及微信公众平台开发机器人的基本步骤。提供基础答疑QQ群：431371470,1604,基于 Flask 及爬虫实现微信娱乐机器人
free,Return-to-libc攻击是一种特殊的缓冲区溢出攻击，通常用于攻击有“栈不可执行”保护措施的目标系统。本课程我们将用system()地址替换返回地址，用它调用一个root shell。,761,Return-to-libc攻击实验
free,本课程将会提供一个具有格式化漏洞的程序，我们将制定一个计划来探索这些漏洞以达到任意读写内存的目的。课程难度适中，同学们需具有一定Linux 基础。,1376,格式化字符串漏洞实验
会员,本课程实现一个校花评比项目，在项目中使用到了埃洛等级分系统算法。用户在前端页面每次点击随机排列的两张美女图片，选出颜值较高者，共十次选择，最后由后台计算出各个图片的颜值，得出评比结果。课程使用了 PHP 实现评比算法，cookie 记录用户点击次数，jQuery 的简单使用。,1934,校花评比排名项目-PHP
free,利用web应用程序和数据库服务器之间的接口，把SQL命令插入到Web表单递交或输入域名或页面请求的查询字符串，欺骗服务器执行恶意的SQL命令。,1810,Collabtive系统SQL注入实验
会员,"递归（英语：Recursion），又译为递回，在数学与计算机科学中，是指在函数的定义中使用函数自身的方法。递归一词还较常用于描述以自相似方法重复事物的过程。本课程通过3个C语言编程实例，让你在利用递归解决实际问题的过程中学习递归并掌握其核心思想。举一反三，懂得如何使用递归解决其他实际问题。
",2282,3个C语言实例带你掌握递归方法论
会员,本项目通过使用 Laravel5.1 和 AmazeUI 实现一个多用户博客系统，一步步实现各个功能模块，学习 PHP 的项目开发及 Laravel 框架的使用。本项目需要了解 PHP 基础知识。本课程难度适中，适合对PHP后台开发感兴趣以及想入门 laravel 的同学。,2329,Laravel大型项目系列教程
会员,RTTI 是运行时类型信息的英文缩写，C++ 本身提供了运行时类型检查的运算符 dynamic_cast 和 typeid，然而 dynamic_cast 的效率其实并不理想，需要牺牲一定性能。本项目将手动实现一个高性能 RTTI 库。,288,C++ 实现高性能 RTTI 库
会员,本实验通过使用 LVS 与 keepalived 搭建一个高可用的负载均衡服务器群，在试验中学习 vrrp、LVS 的基本原理并实践了 LVS 与 keepalived,554,LVS 集群负载均衡实战
会员,留言板是评论系统是网站中很常用的功能，本课程将从项目的整体设计开始，使用 Laravel 5.1 一步一步的搭建一个简易的留言板。,176,Laravel 5.1制作简易留言板/评论系统
会员,申请微信公众号，了解微信公众号的开发流程，以及微信公众号各类信息，如图文消息，文字消息，图片消息等诸多 API 机制，以及 Python 对邮件的操作，实现基于微信公众号邮件信息推送功能。,337,基于微信公众号实现邮件信息推送
会员,本课程介绍Robot Framework基础使用方法，以实战方式让同学理解何谓自动化测试(Test Automation)以及 ATDD(Acceptance Test-Driven Development)，一方面利用原生丰富的库理解Robot Framework的弹性及强大，进而开发自定义关键字扩充特殊应用逻辑测试。以期在课程结束后同学可以立马开始使用Robot Framework自动测试自己的Restful API、网页、甚至苹果或安卓手机应用。,146,Robot Framework自动化测试基础实战课程
会员,Matplotlib 是支援 Python 语言的开源绘图库，因为其支持丰富的绘图类型、简单的绘图方式以及完善的接口文档，深受 Python 工程师、科研学者、数据工程师等各类人士的喜欢。这门课程首先将带领你走进 Matplotlib，并学会使用它绘制各类 2D 或 3D 图。另外，课程还会对 Matplotlib 高级 API 库 Seaborn 的使用进行介绍。,233,Matplotlib 及 Seaborn 使用教程
会员,内存泄漏一直是 C++ 中比较令人头大的问题， 即便是很有经验的 C++程序员有时候也难免因为疏忽而写出导致内存泄漏的代码。除了基本的申请过的内存未释放外，还存在诸如异常分支导致的内存泄漏等等。本项目将使用 C++ 实现一个内存泄漏检查器。,515,C++ 实现内存泄露检查器
会员,本次课程主要学习如何用 Electron 配合 JavaScript 等 web 技术创建跨 Linux/Windows/macOS 平台的桌面应用，学习了基本桌面应用的编写方法,464,使用 Electron 编写跨平台桌面应用
会员,为了追求性能，在服务器开发中我们经常要面临大量线程任务之间的调度和管理，本次实验我们将使用 C++ 及大量 C++11新特性设计并实现一个线程池库。,781,100 行 C++ 代码实现线程池
free,看图片闯关，学程序，游戏人生！updating......,1810,每天一个PythonChallenge《任务二》
free,本课程的目的是带领大家使用 Node.js 的一些常用服务模块来创建一个属于自己的简单服务器，加深对 Node.js 的理解。其中将涉及到搭建服务器的知识，如何解决 Node.js 的阻塞操作，怎样处理表单输入。本课程难度一般，属于初级课程，适合具有 Node.js 基础的用户，熟悉 Node.js Web 开发。,1380,轻松创建 Node.js 服务器
会员,本实验将教大家使用 Node.js 技术完成一个私人笔记本项目，每个注册用户可在自己的私密空间中书写自己的心情和感悟。通过 Express 学习 Node.js Web 开发基础。本课程难度一般，属于初级课程，适合具有 Node.js 基础的用户，学习 Node.js Web 开发。,262,Node.js实现私人笔记
会员,本课程基于 jQuery 实现近几年很流行的瀑布流图片无限加载，另外我们会学到如何模拟后台提供 JSON 格式数据。本课程较为简单，适合刚入门前端的同学作为练手项目。,330,瀑布流加载图片墙
会员,本课程主要内容是使用PHP实现一个在线聊天室。其中涉及到的知识点包括常用通讯协议的讲解，websocket 通信的原理以使用场景。项目基于一套开源的PHP websocket框架：GatewayWorker开发而成，主要逻辑代码由后台PHP+前台JS构建，课程重点在于讲解websocket通信处理。整个项目具有一定的难度，也比较有实用性，能从中学到许多新的知识。,427,PHP 开发在线聊天室
会员,"通过完成C 语言实现Linux cp 命令项目的学习，可以掌握Linux操作系统中的文件IO相关的系统函数和目录相关操作的系统函数，比如open, write, opendir, readir。深入了解Linux环境系统编程。",188,C 语言实现Linux cp 命令  
free,本课程基于 JavaScript 实现多个不同的形状图来组成一个逼真的玫瑰花。共使用了 31 个形状：24 个花瓣，4 个萼片，2 个叶子和 1 根花茎，其中每一个形状图都用代码进行描绘。我们可以学到 JavaScript 及计算机图形的一些知识。本课程实验原理较难，需要有 JavaScript 基础及探索精神，如果懂计算机图形就更好了。,7598,基于 JavaScript 实现玫瑰花
会员,"本课程实现客户端和服务端编程，服务端使用epoll机制，高并发实现，支持多客户聊天室聊天；客户端使用epoll和fork，父进程与子进程通过pipe通信。学习本课程可以很好的入门linux服务端编程，学习本课程也可用于在局域网搭建聊天室。本课程linux服务端编程入门课程，适合有C语言基础和linux基础，对于服务端编程有兴趣的同学。
",1618,C语言利用epoll实现高并发聊天室
free,本实验用最简单的代码来实现五子棋游戏，帮助大家复习基础知识，学习了如何设计并实现一个五子棋游戏，巩固大家的基础知识。涉及到C语言的基础逻辑判断，程序设计与编写。本课程比较简单，没有复杂的语法和逻辑，适合具有C基础的用户，一起探索和发现C语言可以做一些有趣的事情。,4340,C语言快速实现五子棋
free,现有的web浏览器的安全模型是基于同源策略，提供一些基于Web应用程序的保护功能。本实验帮助理解同源策略。,399,Collabtive系统浏览器同源策略探索实验
free,本实验将通过一些特定应用来介绍一些常用建模技术。我们考虑如何在 R 中存储和处理时间序列。接着，我们处理线性时间序列分析，并展现如何将它用于建模和预测房屋价格。其次，我们通过考虑长期趋势，最后使用协整的概念来改进基本的最小方差对冲比。本实验源来自异步社区的《量化金融R语言初级教程》第1章 ，感谢异步社区授权实验楼发布。,148,对英国房屋价格建模并预测 ---《量化金融R语言初级教程》
free,本实验将以故事的形式展开对商业街调查问卷的设计进行分析和学习。我们在是实验中首先会进行数据的录入，然后利用管道处理技术来列联表，接着进行独立性检验，最终通过图表的形式得到我们需要的调查问卷。本实验源来自图灵教育的《菜鸟侦探挑战数据分析》第3章，感谢图灵教育授权实验楼发布。,160,R语言进行商业问卷分析--《菜鸟侦探挑战数据分析》
free,本课程由郑晓薇老师授权，基于《汇编语言（第2版）》（郑晓薇 编著，机械工业出版社）制作，可以配合该教材使用，在实验楼环境中完成教材中所有实例及实验。,4651,《汇编语言（第2版）》郑晓薇编著配套实验
会员,通过Python3实现将关键信息隐藏在图片的效果，主要目的是为了不让预期接收者以外的人知晓传递的内容。与电视剧中使用特殊墨水传递信息一样，表面看就是一张什么都没写的白纸，实则暗藏着重要信息。,5287,Python3 图片隐写术
会员,OAuth 2.0 是时下最流行的授权认证方式，其典型的应用有第三方账号登陆，获取认证开发第三方应用等。本课程的前半段主要讲解 OAuth 2.0 授权的原理。后半段则会基于 Flask 与 Github 授权接口实现一个第三方留言本应用。,581,OAuth 2.0 授权原理与实战
会员,DVWA (Dam Vulnerable Web Application)是用PHP+Mysql编写的一套用于常规WEB漏洞教学和检测的WEB脆弱性测试程序。包含了SQL注入、XSS、盲注、命令执行等常见的一些安全漏洞。,647,DVWA之暴力破解攻击
会员,本课将介绍 json 和一些常见的 json 库，并用 C++ 编写一个 json 生成器，生成 json 数据，并学习编写测试用例。,615,C++ 编写 json 生成器
会员,在这个人人自拍的年代，每个人的智能手机中至少都装了一款美颜相机或者美图软件，而这些软件实现美图功能又主要是靠滤镜来实现的。而这门课程将带领大家使用 Python 编写一个简单的滤镜程序。,519,Python 实现简单滤镜
会员,RabbitMQ是一个由erlang开发的AMQP（Advanced Message Queue ）的开源实现。AMQP 的出现其实也是应了广大人民群众的需求，虽然在同步消息通讯的世界里有很多公开标准。本课程从安装RabiitMQ到简短代码逻辑，让同学们理解其原理和工作方式,381,RabbitMQ 消息队列
会员,本次课程将学习并搭建 ELKR ( = Elasticsearch + Logstash + Kibana + Redis ) 一套完整的 Nginx 日志分析技术栈。从入门安装配置到数据分析，由浅入深的讲解了ELKR的使用和工作流程，更加熟悉服务器和数据库相关操作。4个实验，从入门安装配置到数据分析，适合对于日志分析感兴趣的同学，学完本课程之后能够学会工具的使用。,281,构建 ELK(+Redis) 分布式 Nginx 日志分析系统
会员,本课基于 golang 实现 websocket 协议。其中将涉及 WebSocket 协议的握手过程，WebSocket 协议数据帧，WebSocket 协议中的一些算法，掩码处理，WebSocket 链接的实现。属于中级级别课程，适合具有GO基础的用户，熟悉Go基础知识加深巩固，并且加深对于计算机网络的认识与理解。,185,Go 语言实现WebSocket协议
free,“算 24 点”是一种数学游戏，正如象棋、围棋一样是一种人们喜闻乐见的娱乐活动。 它始于何年何月已无从考究，但它以自己独具的数学魅力和丰富的内涵正逐渐被越来越多的人们所接受。在本课程中，我们将通过一个算 24 点游戏的形式，进一步巩固 Scala 的基础。你将可以在本课程中学习到数学表达式的穷举方法、全排列算法，以及如何在 Java 中调用 Scala 的代码等。,973,Scala 开发二十四点游戏
会员,通过使用 Go 语言实现一个缓存系统，学习缓存系统的基本原理和概念，以及 GO 语言的 `map` 实现哈希表的方法及封装缓存生存时间的方法。难度适中，适合有Go语言基础的同学学习。,154,Go 语言实现缓存系统
free,缓冲区溢出攻击：通过往程序的缓冲区写超出其长度的内容，造成缓冲区的溢出，从而破坏程序的堆栈，造成程序崩溃或使程序转而执行其它指令，以达到攻击的目的。本课程将带领大家重现攻击理解此漏洞。,6659,缓冲区溢出漏洞实验
会员,本实验将带你认识Android系统中的一种交互方式——手势。你将学到如何在Android中调用系统API对手势进行检测并设置相应的监听器，以及如何实现具体的接口来完善手势操作。,119,Android小案例 - 手势
free,本实验利用 Meteor 和 MongoDB 实现一个简单的即时搜索服务。通过本项目我们将学习到 Mongodb 数据库的操作，Meteor 快速制作 Web App。,2792,120行代码实现简单的即时搜索
会员,本实验将带你实现Android手机上的图形绘制功能。实验中你将会学到Canvas的用法。,99,Android小案例 - 常用绘图方法
会员,本课程分为两个实验进行操作学习。第一个实验首先向用户介绍文件的基本概念和相关知识：文件，文件流，文件权限。然后以编码为主，通过实际的例子，讲解PHP对文件的基本操作：打开，写入，删除。第二个实验基于前一个实验所介绍的知识，实现一个简单的文件上传功能模块，介绍PHP对上传文件的处理流程。,223,PHP文件编程
会员,本课程使用 Python 开发一个简单的加减计算器。输入一个加减的表达式，计算出表达式的结果。我们将通过实验学会字符串处理、表达式二叉树的生成及遍历。,884,Python开发简单计算器
会员,本课程使用 OpenCV 处理图片视频，将视频转为字符画序列，再在终端中播放字符动画。除了 OpenCV 的操作，本课程还会了解光标定位转义编码的使用。,3428,Python3 & OpenCV 视频转字符动画
会员,"本课程是在学习了 Java 基本语法、Java 核心 API 之后，模拟支付平台上买家付款到支付平台，卖家从支付平台取款的简单业务流程，最终结果以控制台输出形式展现。通过此流程，详细讲解 Java 线程与同步。本课程难度一般，属于中级课程，适合具有 Java 基本语法和核心API基础的同学学习实践多线程编程。
",847,Java实现简单的支付平台业务流程
free,本课程将通过介绍 HTML 文件的结构、常用的标签、元素、属性、样式、超文本等内容让大家对 HTML 有一个完整的认识，并通过一个实验来学习如何利用框架和我们所学的 HTML 知识来编写一个精致好看的网页。无需任何编程基础，适合任何想要学习制作网页的人学习。,21702,HTML基础入门
会员,本课程中实现了一个简单的 Java 日记软件，可以实现用户的注册、登录以及对日记的各种操作。同学们可以用自己做出的日记软件来记录自己的生活。项目中涉及了包括 Swing 界面编程、文件和IO流操作、JDOM 解析 XML 文档等方面的知识点。,1241,Java日记软件——记录生活每一天
free,在本课程中学生将利用竞态条件漏洞获得root权限。除了攻击之外，学生还将学习如何制定保护方案抵御该类攻击。适合对于有Linux 基础的同学进行学习。需要对之前的信息安全课程有了解之后再进行学习。,554,竞态条件漏洞实验
会员,本课程将使用Python的wordcloud扩展包制作词云，并通改进wordcloud使其能够制作中文词云。此外，还将分享如何用自己喜欢的图片作为词云轮廓对词云进行定制。难度为一般，属于初级级别课程，适合具有Python基础的用户，熟悉python基础知识加深巩固。,878,使用Python定制词云
free,本课程使用Python Flask Web框架来创建简单的博客，涉及环境安装，运行调试，静态文件，渲染模板，数据的请求接收以及重定向，响应和会话。适合有一定编程基础，与对于linux有一定了解，想更加熟悉和巩固python的同学。,7598,Python Flask Web框架
会员,"通过学习本课程,实现自己搭建一台 Git 服务器，虽然有很多现成的代码托管网站比如 github,但是当你想保护代码的安全的时候,私有的 Git 服务器无疑是最安全的。",235,Linux系统安装git服务器
会员,通过 《C语言实现 FTP 服务器》 项目学习，可以更加深入的理解套接字编程模型，并且了解应用层协议（FTP）如何在套接字基础上定义。本项目实现了支持 list，get <filename>，quit 等命令的 FTP 服务器。,850,C语言实现 FTP 服务器
会员,"QQ 机器人作为一款与个人 QQ 号绑定的机器人,通过该机器人,可快速实现自动回复,自定义回复,满足群里日常聊天互动所需.",1151,基于图灵机器人实现QQ群聊机器人
会员,我们使用 jQuery 实现在购物车中添加删除商品，合计商品总价的功能。通过本课程的学习，你可以熟练操作 jQuery 实现更多的功能。,469, jQuery在购物车的使用
free,"
Scala 是一门多范式的编程语言，类似于 Java 。设计初衷是实现可伸缩的语言、并集成面向对象编程和函数式编程的各种特性。在本课程中，你将可以学习到 Scala 的基础语法、类和对象、基本数据类型、控制语句以及函数等方面的知识，从而更好地来编写 Scala 应用。",3583,Scala开发教程
free,2014年9月24日，Bash中发现了一个严重漏洞shellshock，该漏洞可用于许多系统，既可以远程也可以在本地触发。在本课程中，学生需要亲手重现攻击来理解该漏洞。,6245,ShellShock 攻击实验
free,动手实践学习Go语言程序入门。Go是Google开发的一种编译型，可平行化，并具有垃圾回收功能的编程语言。本课讲解一些基本的Go语法，并在最后以一个词频统计项目来总结学习过的知识点。难度为简单，属于入门级别课程，适合对 Go 刚刚入门的用户，甚至没有接触过 Go 的用户也可以按照步骤一步步做出来。,7663,Go语言编程
会员,本实验将学习Android系统中的数据存储方式之一——SQLite数据库。你将学到如何在Android中调用系统API对数据库进行常见的创建和增删查改等操作。,127,Android小案例 - SQLite数据库连接
会员,从本实验起，我们将逐步介绍Android中用于存储数据的一些机制。这些机制有：轻量化的键值对存储Shared Preferences、数据库SQLite、内部和外部存储，以及网络存储等。而本实验就将探索如何在Android开发过程中，使用Java里常用的文件I/O体系来存储和访问文件。,79,Android小案例 - 内部存储（文件）
free,本课程基于 HTML5 的 canvas 实现了一个小游戏，着重介绍了 HTML5 游戏开发的流程及游戏开发中需要处理的东西。对 Web 游戏开发感兴趣的同学可以通过这个项目实践 HTML5 及 JavaScript 基础知识。,5622,基于HTML5 Canvas实现小游戏
free,本课程将学习 RethinkDB 作为数据库后端，Backbone.js 作为前端的技术栈，并实现一个清单应用。从中我们可以学习 Flask Web 应用框架，及 Rethinkdb 文档型数据库和 Backbone.js web开发框架。,1495,基于Flask/RethinkDB实现TODO List
训练营,使用Python语言开发一套类似OpenStack的云计算管理平台LouCloud，具备基本的用户，服务器，镜像与虚拟机管理功能，学习IaaS，虚拟化，Libvirt API，Flask Web开发等知识。,207,仿OpenStack开发云计算管理软件
free,Bootstrap是一个 简洁、直观、强悍、移动设备优先的前端开发框架，Bootstrap 让web开发更迅速、简单。,6293,Bootstrap3.0入门学习
free,CSS即层叠样式表（Cascading StyleSheet）。 在网页制作时采用层叠样式表技术，可以有效地对页面的布局、字体、颜色、背景和其它效果实现更加精确的控制。适合已经学过HTML，对前端开发有兴趣的人学习。,8638,CSS速成教程
会员,在本项目中我们将使用 Python 登陆挂号网站获取挂号信息并邮件通知，实验中将利用 requests 登陆 aspx 网站，使用 BeautifuSoup 解析响应页面，然后利用 ifttt 邮件通知抓取的信息。,272,Python 获取挂号信息并邮件通知
会员,本课程带领大家用Python3的zipfile模块实现Zip文件的密码暴力破解。在学习过程中会详细讲解 zipfile 模块和 argparse 模块的用法，并在最终破解出一个简单的加密Zip文件。 本项目较为简单，适合具备 Pythohn 编程基础的用户。,749,Python实现Zip文件的暴力破解
会员,使用 C++对银行排队服务进行模拟，以事件驱动为核心思想，手动实现模板链式队列、随机数产生器等内容，进而学习概率编程等知识。作为可选进阶，这个模型同时还能稍加修改的应用到 CPU 资源争夺模型中。,948,C++ 实现银行排队服务模拟
free,本课将介绍Nginx的部署、配置、优化及案例实战。本课程分为7个实验，从nginx入门环境搭建到ddos防御配置，由浅入深学习nginx运维知识。适合对于linux运维的感兴趣的同学学习和进阶。,6555,Linux Web运维（Nginx）实战 
free,本课程使用最基础的 HTML+CSS+JavaScript 实现网页版别踩白块游戏，通过完成这个简单有趣的游戏，可以实践你的前端技能。,2837,网页版别踩白块游戏
会员,hexo 是一个快速、简洁且高效的博客框架.hexo 使用 Markdown 解析文章，在几秒内，即可利用靓丽的主题生成静态网页。七牛云在国内以及海外有多个CDN，相对于 github ，博客部署在七牛云会在国内获得更快的访问速度。,256,基于七牛云创建个人 hexo 博客
训练营,使用GNS3仿真模拟工具由浅入深的学习网络技术，通过16个精心设计的实验内容，让你在动手实践的过程中逐步掌握交换与路由的 VLAN、STP、OSPF、DMVPN 等技术，最终让你能够独立实现一个中大型网络规划。,203,由浅入深学网络
free,本课程是数据结构入门教程，数据结构是计算机类专业的一门核心学科，本课程使用 C 语言介绍，需要一定的 C 语言基础。,13428,数据结构(新版)
free,本实验中你将在学习 C 语言的同时学会编写你自己的编程语言，一个 1000 行左右代码的简单  Lisp ，通过本实验的学习，提高自己的编程能力。本课程翻译制作自著名的BuildYourOwnLisp教程。,2951,用 C语言编写自己的编程语言
会员,获得内存池所分配的内存速度高于从堆中获得分配的内存的速度，一个长期稳定运行的服务在追求极致的过程中，实现内存池是必不可少的。和标准库中的默认分配器一样，内存池本质上也是分配器，本次实验将设计并使用 C++实现一个高性能内存池。,854,C++ 实现高性能内存池
会员,使用 Python 语言开发服务器端口扫描器，用来检测目标服务器上有哪些端口开放。适用于有 Python 和 计算机网络语言基础的用户。涉及Python网络开发，端口扫描，多线程，python-nmap包等知识点。,2711,Python 实现端口扫描器
free,本课程将带大家学习使用强大的Vim编辑器。Vim是从vi发展出来的一个文本编辑器，在程序员中被广泛使用。和Emacs并列成为类Unix系统用户最喜欢的编辑器。适合所有想要学习编程和想要在实验楼学习的人。,40259,Vim编辑器
free,本课程内容主要包括 Pandas，Scikit-learn，Scikit-image 的基础使用。通过本课程我们将学习到 Pandas 数据处理，scikit-learn 机器学习，scikit-image 图像处理。,1766,Python科学计算(二)
free,Node.js是基于Chrome JavaScript运行时建立的一个平台，用于创建快速的、可扩展的网络应用。Node.js采用事件驱动和非阻塞I/O模型。适合想要学习后端编程，想要入门Node.js的后端开发新手。,7686,Node.js 教程
free,本课程介绍 python 科学计算，通过本课程我们可以学习到 Numpy 多维数组，SciPy 科学计算库，matplotlib 绘图，Sympy 代数系统，用 C 编写 Python 包，Python 并行计算。,9478,Python科学计算(一)
会员,"本课程使用 Shell 脚本在终端实现了一个打字游戏，体现了shell命令的强大和实用，在项目实现的过程中学习并实践了Shell脚本编写的知识点。熟悉了read,exec,trap,local,date等命令的用法。本课程适合有一定编程基础，与对于linux有一定了解，想更加熟悉和巩固shell命令的同学
",701,shell打字游戏
会员,本课程是基于 Python 的 Flask 框架和 MySQL 实现的简单的番剧推荐系统。在本课程中我们将学到如何用 Python 连接 MySQL 数据库，如何查询和展示数据及设计推荐算法等知识。,2819,基于 Flask 与 MySQL 实现番剧推荐系统
free,本课程将带领大家在 Github Pages 上部署自己的简历，教大家如何将简历保存为 pdf 格式且该简历文件可直接在 A4 纸上打印。另外本课程还提供了简单的在线可编辑的简历页面，同学可直接使用它来生成自己的简历文件。,5123,在Github Pages上部署自己的简历
会员,本课程将针对飞行准点率数据集，通过一些简单的分析任务来学习 DataFrame 的由来、构建方式以及一些常用操作。在本课程中，你可以了解到 Spark 生态体系中，核心的 RDD 与 DataFrame 之间的区别和联系。同时，你还可以学习到在 Spark 中加载数据集的方式、如何配置和使用第三方库等等。,395,Spark 基础之 DataFrame 基本概念学习
free,本课程来自实验楼资深用户 jayki，根据实验楼每天一个 Linux 命令系列文章制作，适合学过 Linux 基础入门课程后的用户练习各种 Linux 命令。适合具有 Linux 基础的同学学习。,12630,Linux命令实例练习
会员,本课程带领你学习用C语言实现ping命令。通过本项目中你可以更深入地理解TCP/IP协议，套接字编程，掌握C语言进行网络编程的技巧方法。本课程涉及C基础，Linux网络编程底层比较多，适合有一定基础，想了解网络编程，以及套接字原理的同学学习。,2043,C语言实现ping程序
free,本课程实验内容从 SQL 概念开始，在 MySQL 数据库中学习并实践了 SQL 常用语法及约束、索引、视图、SELECT 查询、修改与删除等基本操作。课程包含两部分，基础部分学习 SQL 基本操作实验，进阶部分基于 MySQL 官方参考手册制作，学习 MySQL 的进阶操作。,27313,MySQL 基础课程
free,本实验我们将快速浏览R中的多种数学、统计和字符处理函数。为了让这一部分的内容相互关联，再通过引入一个能够使用这些函数解决的数据处理问题。在讲解过这些函数以后，为这个数据处理问题提供一个可能的解决方案。最后讲解如何自己编写函数来完成数据处理和分析任务。本实验源自图灵教育的《R语言实战（第2版）》第5章，感谢图灵教育授权实验楼发布。,162,基于R的高级数据管理--《R语言实战（第2版）》
会员,本课程将学习 Spark 平台中对于 R 语言的支持前端——SparkR。课程将会讲解到如何在 SparkR 中创建和操作 DataFrame、如何运行 SQL 查询，以及如何利用机器学习相关的 API。最后还会通过一些简单的实例来学习如何在 SparkR 中进行时间序列分析。,143,Spark 基础之 SparkR 快速上手
free,本课程将基于OpenGL实现一般CAD软件都会具备的基础功能：渲染显示3D空间的画面并可以操作3D空间中物体。,4050,Python实现3D建模工具
训练营,教师辅助在线完成5个经典 Node.js 项目，高强度学习 Node.js 开发。涵盖 Node.js 基础，Express框架，socket.io，Angular.js，Redis，MongoDB等知识。随到随学，所遇问题在讨论区发帖，有工程回复解答。,255,Node.js 经典项目实战
会员,本课程引入 Python Turtle 模块，通过画出分形树（Fractal tree），科赫雪花曲线（Koch snowflake）和龙形曲线（Dragon curve）这三种曲线来加强对递归的认识。,247,使用 Python 生成分形图片
会员,以实验楼部分功能举例，学习多种常见的设计模式的原理以及如何应用实践。课程会涵盖工程模式，命令模式，外观模式，适配器模式，装饰模式，代理模式等，使用Python为案例实现语言。本课程难度属于一般，属于初级级别课程，适合具有 Python 基础的用户，熟悉 Python 基础知识加深巩固。,894,Python版设计模式实践
free,Ruby是一种为简单快捷的面向对象编程而创的脚本语言，本教程通过动手实例学习Ruby语言基础知识。,2491,Ruby基础教程
free,使用Python快速开发一款PC端玩耍的微信打飞机游戏，基于pygame实现。本课程源自Kill-Console博客：http://www.cnblogs.com/dukeleo/p/3339780.html。本课程难度中等，属于python中等的项目课程，需要有 pygame 和 Python 基础。可以在之前的课程当中先学习一些基础的 pygame 知识然后再学习本课程。,8386,pygame开发打飞机游戏
会员,本课程基于 HTML+CSS+JavaScript 实现网页版打地鼠，你能学到如何开发一款 Web 小游戏，从布局到编写游戏逻辑。如果你刚入门前端，这是个不错的实践练习。,613,基于 JavaScript 实现打地鼠游戏
会员,本课程将学习Spark体系中用于解决图和并行图计算问题的新组件——GraphX。GraphX通过RDD的扩展，在其中引入了一个新的图抽象，即顶点和边带有特性的有向多重图，提供了一些基本运算符和优化了的Pregel API，来支持图计算。在本课程中你将可以学习到GraphX 框架的基本使用技巧、属性图的定义和操作符的种类，以及PageRank 、连通分量和三角形计数这三个经典的图计算算法。,233,Spark基础之GraphX图计算框架学习
free,"课程更新到实验四，使用中如有问题请见谅！2017.9.28
本课程为网易云课堂孟宁老师《软件工程：C编码实践篇》的配套实验与作业。配套的MOOC视频见 http://mooc.study.163.com/course/USTC-1000002006#/info。软件工程C编码实践篇强化实践能力训练，从学生较为熟悉的编程训练入手，重实践，形成对软件工程直观感性的认识。",4511,软件工程(C编码实践篇)
会员,本课程基于 HTML5 的 canvas 实现了放大镜效果。主要依靠 canvas 中的 drawImage() 函数，这节课也主要讲解这个函数的具体用法，希望能通过实现这个简单的项目来让大家初步认识 canvas ，学会基本的 canvas 操作。,352,基于 canvas 实现放大镜效果
free,本课程使用 Eclipse 开发，配合 Java 语言完成一个 Java 编辑器。它的主要功能：1、Java代码的编辑 2、编译及运行Java程序。本课程难度中等，属于中级课程，适合 Java 基础扎实，对 Java 核心 API 有所熟悉的同学学习 。,3644,自己的Java编辑器
free,本课程自顶向下分层介绍TCP/IP网络协议基础，其中重点是第5、6节。如果想更深入地了解计算机网络知识，你可以学习实验楼的其它相关课程。,19841,TCP/IP网络协议基础
会员,本课程将通过C语言实现一个简易计算器，用于解决任意长度的有符号整数的加、减、乘、除运算。主要将涉及到利用全新的数据结构来表示大数，并将新数据结构存储的大数转化为字符用于显示。以及基于大数新的数据结构完成加、减、乘、除的计算算法设计。,509,C语言实现大数计算器（加减乘除）
free,本课程会从实现一个玩具解释器开始学习解释器的基本知识。之后通过考察Python字节码进一步学习理解Python解释器的内部机制。最终参考``Byterun``（一个现有的Python解释器）实现一个500行以内的Python解释器。,1685,Python实现Python解释器
会员,本课程通过动手实验学习 Linux 上 GDB 调试 C 语言程序的基本技巧。首先讲解了 GDB 的常用命令，然后通过对有问题的链表程序的调试来逐步实践挖掘程序 BUG 的过程。,843,GDB 简明教程
free,ThinkPHP是国人开发的优秀PHP框架，本课将从ThinkPHP的入门安装开始，详细讲解ThinkPHP的配置，路由，控制器，模型，视图，模版等几大板块，掌握ThinkPHP的主要技术点。,4777,ThinkPHP框架实践
会员,有时，在你的应用中，你可能想让用户做出一个关于是或否的回应，但又不想通过原来的activity或者改变屏幕上的已有内容，那么你可以选择对话框这种交互方式。我们在本实验中就将学习Android的交互组件之一——对话框。,127,Android小案例 - 对话框集锦
free,本课程介绍 JavaScript 的语法及事件、对象、DOM 等基础知识。适合对前端编程有兴趣，已经学了HTML的人学习。,12483,Javascript基础（新版）
free,本课程使用 Java 语言完成了一个简单的计算器。将使用到 Java Swing 图形组件等等。课程能够让大家深入学习如何制作 Swing 图形化界面以及为 UI 组件设置事件响应逻辑。本课程难度为一般，属于初级课程，适合具有Java基础和Swing组件编程知识的用户学习。,5316,Java开发简单的计算器
会员,本课程结和 Koa 和 React 开发 Web 应用，学习 Koa 和 React 基础知识。课程中将会学习如何创建 Koa 应用，Koa 常用中间件，Koa 路由，以及 React 应用开发等知识点。Koa.js提供API服务，React渲染UI组件，前端路由通过React-Router管理。工具方面，使用Babel支持ES6最新语法，使用Gulp和Webpack自动化编译JavaScript。,191,基于Koa.js和React开发应用
会员,本课程编写一个Node.js端口扫描模块，主要用到Node.js的net模块，同时，我们会使用一些ES6的新语法，实验楼部分 Node.js 课程已经介绍过一些 ES6 语法，本课程主要会用到Promise。,117,Node.js 开发端口扫描器
会员,本项目课中，我们将使用go 语言编写一个 markdown 文件的实时预览器，它可以在浏览器实时预览使用任何文本编辑器正在编辑的 markdown 文件。我们将从中学习到 go 语言语法，markdown 的知识及Websocket。,281,制作Markdown预览器
free,本课程主要讲解了如何使用 Java 语言编写一个可视化的记事本应用，涉及到 Swing 界面编程、文件读写等知识点。课程能够让大家熟练Java的可视化界面编程以及文件和IO操作。本课程难度为一般难度，属于初级课程，适合掌握Java入门基础的用户熟练文件和IO操作以及Swing界面编程。,4553,Java实现记事本
会员,LAMP（Linux- Apache-MySQL-PHP）网站架构是目前国际流行的Web框架，在本课中我们将学习它的环境部署与配置。,4541,LAMP部署及配置
free,HBase是一个开源的非关系型分布式数据库（NoSQL），是Hadoop项目的一部分，运行于HDFS文件系统之上，为 Hadoop 提供类似于BigTable 规模的服务。,2192,HBASE教程
free,Java 8是近年来一个Java编程语言发行版本，由Oracle 2014年3月发布。该版本为Java带来许多新特性，是一个具有重大改变的版本。 本课程介绍了 Lambda 表达式、函数式接口、Stream 流和 Date/Time API 等相关知识点。课程难度一般，适用于Java初学者或者是具有一定编程经验的开发者。,2491,Java 8 新特性指南
会员,本课程使用PHP实现一个简单的网站注册登录功能，虽然功能比较简单， 但是涉及的知识点较多，包括网页模板的挑选，注册登录的流程，用户输入数据的合法性检测，Ajax异步通信，自行实现验证码，以及前端的一些完善优化操作。是一个实用的练手项目。,922,PHP 实现用户注册登录功能
free,本实验通过学习 JDBC 定义和架构，回顾 SQL 语法，搭建 JDBC 的环境，通过实例来深入学习 JDBC。从中我们将学习到如何用 java 连接到数据库，并练习编写了一个信息管理的程序，在此基础上可以提高自己的数据库管理能力。,5248,JDBC 入门教程
free,Struts 是Apache软件基金会（ASF）赞助的一个开源项目。通过采用JavaServlet/JSP技术，实现了基于Java EEWeb应用的MVC设计模式的应用框架，是MVC经典设计模式。本次课程详细介绍了 Struts2 框架结构知识，并通过多个基础的 Demo 实例讲解了 Struts2 的用法。,5709,Struts框架教程
会员,本课程主要内容是使用ThinkPHP实现一个云书签项目。项目内容主要分为后台构建和前台构建。后台构建部分包括数据库设计，目录结构的建立，以及控制器代码的编写。前台构建部分分为模板页面的布局。JS功能实现与后台交互。课程包含的内容量和知识量较大，覆盖较全。但是讲的不是很详细。,1032,ThinkPHP实现云书签
free,网易云课堂配套实验课。通过GUI来体验编程的乐趣。有心得体会或者吐槽，可以写篇实验报告分享一下。,4759,用Python做2048游戏
会员,本课程使用 Node.js 实现一个简单的静态文件服务器，主要学习 Node.js 的 http 模块，熟悉 Node.js 创建 Web 服务器的过程。同时学习 ES6 的一些新语法，如今 Node.js 是极力推荐 ES6 写法的。,116,Node.js静态文件服务器
free,Hadoop是一款支持数据密集型分布式应用并以Apache 2.0许可协议发布的开源软件框架，本实验学习并实践Hadoop系统的不同模式的部署，以及基本的系统使用与管理。,6469,Hadoop部署及管理
free,本课程将会介绍HTML5中的新特性，包括结构标签、新型表单标签、文件操作、Canvas、本地存储等。适合对前端编程有兴趣，已经学了HTML的人学习。,14620,HTML5基础入门
会员,在本课程中，你将可以学习到 Spark SQL 的基础概念，了解如何利用 SQL Context 及相关的 API 进行统计分析。最后还将通过一个分析股票价格与石油价格关系的实例，进一步学习如何利用 Spark SQL 分析数据。本课程难度为一般，属于初级级别课程，适合具有 Spark 基础的用户，学习 Spark SQL 的基础知识。,472,Spark 基础之 SQL 快速上手
free,本课程侧重讲解 Scala 中的  Extractor ，它可以将数据模型和视图逻辑分离，在 Scala 体系中充当类似于适配器的角色，是一种极具函数式的做法。你将可以在课程中学到如何定义和设定 Extractor 。本课程难度为一般，属于初级级别课程，适合具有 Scala 基础的用户。,205,Scala 专题教程 - Extractor
会员,使用 C++实现 OpenGL GLUT 实现一个简单的太阳系行星系统，将涉及一些三维图形技术的数学基础、OpenGL 里的三维坐标系、OpenGL 里的光照模型、GLUT 的键盘事件处理。,6015,C++ 实现太阳系行星系统
会员,本课程通过使用 spring+spring MVC+Mybatis+freemarker 来实现个人简历的在线生成以及导出功能，通过一个简单网页填写个人履历后，在线生成一份个人简历。项目较为简单，作为SSM实战的项目，十分适合学习JAVA的同学练手。,413,JAVA基于SSM框架实现简历生成
free,跨站脚本是一种典型的出现在web应用程序中的计算机安全漏洞。这种漏洞使攻击者注入恶意代码到受害者的web浏览器成为可能。本实验中，我们将对一个有漏洞的Web系统进行跨站脚本攻击。,878,Elgg系统跨站脚本攻击实验
会员,本项目实现一个简单的 PHP 留言本，通过完成这个项目，学习并实践 PHP 编程基础，MySQL 数据库，jQuery 及 Ajax 等前端技术。,2953,PHP 实现留言本
会员,本课程使用 HTML5 来完成 “刮刮乐” 的刮奖效果。HTML5 是 HTML 的第5代版本，也是目前最新的版本，同时本课程还用到 JavaScript 相关技术来完成。学习本课程有助于巩固前端知识。,2017,基于 HTML5 实现刮刮乐效果
会员,本项目课中，我们将基于 Tornado 框架实现一个简单的异步 Redis 客户端，通过该客户端我们可以设置和读取 Redis 中的数据。其中涉及设置 virtualenv 环境，网络开发，Socket，Redis协议，Tornado框架。,277,Python 实现 Redis 异步客户端 
会员,知名小游戏2048，使用Go语言编程实现。本实验需要 Go 语言基础，建议先学习 [Go语言编程](https://www.shiyanlou.com/courses/11),558,GO语言开发2048
free,网站一般会有很多图片，对于小型网站来说，图片放在网站服务器上不算什么，但当图片数量很大时，会造成服务器很臃肿，相应地对带宽要求也会提高，这就造成了成本的增加。为了减少成本，可以把图片、大文件等放到第三方提供的云存储服务上。本项目基于七牛云存储的 SDK 实现个人相册服务，学习并实践 Java Web 开发基本方法及七牛云存储 Java API 接口。,4095,结合七牛搭建个人相册
free,本课程主要介绍 Scala 中的抽象成员用法。先前的基础课程中提到 Scala 中的类型成员也可以是抽象的，而抽象字段和抽象方法都只有字段或者方法的定义，没有字段或者方法的具体实现。在本节，你将可以学到如何使用 Type 成员，以及抽象 vals 变量的初始化方法等要点。,159,Scala 专题教程 - 抽象成员
free,本课程基于 HTML+CSS+JavaScript 实现网页版的拼图游戏。实现过程中将用到 HTML5，CSS3 及 JavaScript 相关知识。完成这个项目，可以进一步扎实前端基础知识。,4188,网页版拼图游戏
会员,通过MD5值的校验可以确保文件的完整性与安全性。本项目使用 Java 语言编写对文件进行MD5值的校验程序。你将可以在本课程中学习到MD5的加密逻辑以及Swing插件的安装方法和Java界面编程等知识。,1238,Java实现MD5文件校验
free,"2048是之前十分火爆的一款益智游戏。本次课程将使用 C 语言完成一个2048游戏。适合对C语言有一定基础，想做项目练手的同学，本课程学习后将会了解C语言，以及绘图库ncurses的实用。本课程适合有C语言基础，希望在动手能力上得到提升的同学，熟悉模块与主流程的运行流程。
",8687,C语言制作2048
会员,本实验将编写 Android 手机上的一款短信应用，具有接收与发送短信的基本功能，来学习 Android 应用编程。从中我们可以学到 Android 布局，发送信息和接受信息，使用 Android Studiio 创建与运行程序。,361,Android制作接收与发送短信
